canonical_chain_id,canonical_chain_name,from_year,to_year,from_score,to_score,score_change,change_type,from_forms,to_forms,from_providers,to_providers,from_evidence_quote,to_evidence_quote
U_47621ef6,1 Percent Lists,2024,2025,0,2,2,0 → support,no_financing_involvement,initial_fee_installment,none,franchisor,"We do not offer direct or indirect financing. || We do not guarantee your notes, leases or obligations.","The only financing that we offer is for the initial franchise fee. || the entire initial franchise fee paid over a period of two years, with the periodic payments being equal to 5% of your Gross Sales Commissions paid at the closing of each transaction until paid in full, with any unpaid balance being due in full in a lump sum at the end of the two-year period. || We do not guarantee your notes, leases or obligations to third parties."
S0002,1-800 Water Damage,2015,2016,0,2,2,0 → support,no_financing_involvement,initial_fee_installment | third_party_vehicle_financing | lender_referral | seller_fee_financing | third_party_vehicle_financing | lender_referral,none,franchisor | third_party,"We do not offer direct or indirect financing || We will not guarantee any note, leases or other obligation","we offer you financing for a portion of the Initial Franchise Fee if you meet our qualifications. || you may do so through a promissory note (the “Note”) || there is a potential source of financing for your vehicle available through Trans Lease || We also suggest third party sources for lending including, but not limited to FranFund, Benetrends and Directed Equity. || We and our affiliates have no past practice or future intent of selling, assigning or discounting franchisees’ financing arrangements to a third party, although we reserve the right to do so in the future."
S0002,1-800 Water Damage,2025,2026,0,2,2,0 → support,no_financing_involvement,sba_access_facilitation | seller_fee_financing,none,franchisor | third_party,"We do not offer direct or indirect financing. || We do not guarantee any note, lease, or obligation on your behalf.","we may offer you financing for a portion of the Initial Franchise Fee if you meet our qualifications || We provide certain information and assist in facilitating SBA loans including 7(a) and 504 loans. || We and our affiliates have no past practice or future intent of selling, assigning or discounting franchisees’ financing arrangements to a third party, although we reserve the right to do so in the future."
S0007,1-800-Radiator & A,2015,2016,4,2,-2,other decrease,affiliate_direct_loan | passive_sba_directory_access,affiliate_direct_loan | passive_sba_directory_access | promissory_note | passive_sba_directory_access | seller_fee_financing | passive_sba_directory_access,affiliate | third_party,affiliate | third_party,"our affiliates, in their sole discretion, may finance a portion of the initial costs and fees related to your purchase of the 1-800-RADIATOR & A/C® franchise || Item Financed: All or a portion of the purchase price || Source of Financing: Our affiliate || 1-800-RADIATOR & A/C® franchisees are eligible for expedited and streamlined SBA loan processing through the SBA's Franchise Registry Program","our affiliates, in their sole discretion,, may finance a portion of the initial costs and fees related to your purchase of the 1-800-RADIATOR & A/C® franchise || our affiliate may elect to finance all or a portion of the purchase price for the franchise if you meet certain credit requirements || neither we nor any affiliate offers direct or indirect financing to you, guarantees any note, lease or other obligation of yours, has any practice or intent to sell, assign or discount to a third party all or any part of any financing arrangement of yours || franchisees are eligible for expedited and streamlined SBA loan processing through the SBA’s Franchise Registry Program"
S0007,1-800-Radiator & A,2024,2025,2,4,2,other increase,seller_fee_financing,affiliate_direct_loan,affiliate,affiliate,"Although we do not offer any financing, our affiliates, in their sole discretion, may finance a portion of the initial costs and fees related to your purchase of the 1-800-RADIATOR & A/C® franchise || Source of Financing Our affiliate || In its sole discretion, our affiliate may elect to finance all or a portion of the purchase price for the franchise || Except as described above, neither we nor any affiliate ... has any practice or intent to sell, assign or discount to a third party all or any part of any financing arrangement of yours","Although we do not offer any financing, our affiliates, in their sole discretion, may finance a portion of the initial costs and fees related to your purchase of the 1-800-RADIATOR & A/C® franchise if you meet certain credit requirements. || Source of Financing: Our affiliate || Up to the entire purchase price"
S3342,3 Natives,2023,2024,0,3,3,0 → support,no_financing_involvement,lease_guarantee,none,affiliate,We do not offer any direct or indirect financing. || We do not guarantee your loan or obligations.,"If you request and we agree, our parent company, 3 Natives Holdco, may provide a lease guarantee to a lessor of a 3 Natives franchised business. || We do not offer any direct or indirect financing."
S0024,9Round,2021,2022,0,2,2,0 → support,no_financing_involvement,lender_referral | seller_inventory_or_equipment_credit | seller_fee_financing | promissory_note | lender_referral,none,franchisor | third_party,"As of the date of this disclosure document we do not offer direct or indirect financing and we do not guarantee your note, lease or obligation.","We may agree to directly finance a certain portion or portions of your franchise from us, subject to credit approval and meeting our then-current financing criteria. || We do not intend to sell, assign, or discount to a third party all or part of the financing arrangement. || In addition to the programs mentioned, we may periodically arrange with third party finance companies or banks to make financing programs available to franchisees. || Financing will be limited to equipment and inventory where we are the only approved supplier for the Opening Equipment and Inventory Package for your new Center."
S0024,9Round,2023,2024,2,1,-1,other decrease,seller_asset_credit | third_party_financing_arrangement_assistance | lender_referral_compensation | seller_inventory_or_equipment_credit | installment_payment_plan | lender_referral_compensation,third_party_financing_arrangement_assistance | lender_referral_compensation | third_party_lender_introduction | lender_referral_compensation,franchisor | third_party,third_party,"We may agree to directly finance a certain portion or portions of your franchise from us, subject to credit approval and meeting our then-current financing criteria. || We do not intend to sell, assign, or discount to a third party all or part of the financing arrangement. || These arrangements ordinarily involve no more than arranging to put franchisees in contact with sources of financing available to individual franchisees. || Guidant will pay us a referral fee of $1,000. || Except as described above, as of the date of this disclosure document we do not offer direct or indirect financing and we do not guarantee your note, lease, or obligation.","As of the date of this disclosure document we do not offer direct or indirect financing and we do not guarantee your note, lease or obligation. || These arrangements ordinarily involve no more than arranging to put franchisees in contact with sources of financing available to individual franchisees. || Guidant will pay us a referral fee of $1,000."
U_53d5529f,"ABCSP, LLC",2015,2016,1,0,-1,support → 0,lender_referral,no_financing_involvement,third_party,none,"We do not offer direct or indirect financing We do not guarantee your note, lease or any other obligation || We may refer you to third-party providers of financmg at your request","We do not offer direct or indirect financing || We do not guarantee your note, lease or any other obligation"
S0069,"ActionCOACH OneCo, LLC",2025,2026,0,2,2,0 → support,no_financing_involvement,discretionary_financial_assistance_instrument_unspecified,none,franchisor,"Neither we nor ACNA nor its affiliates offer any direct or indirect financing to you. || We will not guarantee any note, lease, or other obligation you may make to others.","In limited and exceptional circumstances, we may, at our sole discretion, offer financing or other payment arrangements to qualified candidates. || We will not guarantee any note, lease, or other obligation you may make to others."
S5433,AFC Franchise Corp,2015,2016,0,2,2,0 → support,no_financing_involvement,no_financing_involvement | seller_inventory_or_equipment_credit,none,franchisor | none,"We do not offer any direct or indirect financing || We do not guarantee your notes, leases, or obligations","If you meet our cntena, we may offer you the option to finance up to $#021,000 of initial inventory purchases from us or our afTiliates the AEFC wholesale order site. || The financed amount is payable over 12 months with interest at 3 5% above the prime rate of interest || We do not intend to sell, assign or discount to a third party all or any part of a financing arrangement we provide to you."
S5433,AFC Franchise Corp,2016,2017,2,0,-2,support → 0,no_financing_involvement | seller_inventory_or_equipment_credit,no_financing_involvement,franchisor | none,none,"If you meet our cntena, we may offer you the option to finance up to $#021,000 of initial inventory purchases from us or our afTiliates the AEFC wholesale order site. || The financed amount is payable over 12 months with interest at 3 5% above the prime rate of interest || We do not intend to sell, assign or discount to a third party all or any part of a financing arrangement we provide to you.","We do not offer any direct or indirect financing || We do not guarantee your notes, leases, or obligations"
U_4f47d9be,"Agile Pursuits Franchising, Inc",2016,2017,1,0,-1,support → 0,passive_sba_directory_access,no_financing_involvement,third_party,none,"We do not offer direct or indirect financing || We do not guarantee your note, lease, or obligation || We have registered our franchise documents on the United States Small Business Administration’s (“SBA”) Franchise Registry listing of pre-screened franchise offerings","Neither we nor any agent or affiliate offers direct or indirect financing to you, guarantees any note, lease or obligation of yours, or have any practice or intent to sell, assign, or discount to a third party all or part of any financing arrangement of yours."
S5747,Alair Homes,2015,2016,2,0,-2,support → 0,initial_fee_installment | seller_fee_financing | seller_fee_installment,initial_fee_deferral | no_financing_involvement | seller_fee_installment,franchisor,franchisor | none,"We will finance up to 100% of the Second RD Franchise Fee Payment, which is due on the RD Commencement Date || The financed portion will bear interest at the rate of 14% per annum, compounded annually, beginning on the RD Commencement Date, and will be payable in 60 equal monthly installments || It is not our practice or intent to sell, assign or discount to a third party all or part of the Promissory Note or your obligations thereunder, however, we reserve the right to do so || Except as stated above, we do not, directly or indirectly, offer you financing or guarantee any of your obligations","We will finance up-to 50% of your initial franchise fee of $53,500, or $26,750 || It is not our practice or intent to sell, assign or discount to a third party all or part of the Promissory Note or your obligations thereunder, however, we reserve the right to do so"
S5747,Alair Homes,2017,2018,0,2,2,0 → support,no_financing_involvement,initial_fee_deferral | no_financing_involvement,none,franchisor | none,"We do not, directly or indirectly, o [fer you financing or guarantee any of your obligations","We will finance up to 50% of your initial franchise fee of $77,650 or $38,825. || Your obligation to pay the deferred portion of your initial franchise fee, together with interest, will be evidenced by a promissory note || It is not our practice or intent to sell, assign or discount to a third party all or part of the Promissory Note or your obligations thereunder; however, we reserve the right to do so."
S0094,AlphaGraphics,2022,2023,0,1,1,0 → support,no_financing_involvement,no_financing_involvement,none,none,"We do not offer direct or indirect financing, nor do we guarantee your note, lease or any other obligation. || We do not have any written arrangements with, and receive no benefit from, any financial institutions or third-party lenders...","We do not offer direct or indirect financing, nor do we guarantee your note, lease or any other obligation. || We do not have any written arrangements with, and receive no benefit from, any financial institutions or third-party lenders or other sources of funding relating to their providing financing to our franchisees, or coordinate financing for our franchisees."
S0100,Amazing Athletes,2023,2024,2,0,-2,support → 0,initial_fee_installment | seller_fee_financing,no_financing_involvement,franchisor,none,"you will have the option to finance up to fifty percent (50%) of the initial franchise fee || We do not engage in the practice of selling, assigning, or discounting to a third party, in whole or in part, any note, contract or other instrument executed by you. || Other than the above, neither we nor our Affiliates currently offer any direct or indirect financing in connection with the acquisition or development of your franchise.","Neither we nor any agent or affiliate offers direct or indirect financing to you, guarantees any note, lease or obligation of yours, or has any practice or intent to sell, assign or discount to a third-party all or any part of any financing arrangement of yours."
S6411,American Freight,2022,2023,3,0,-3,support → 0,formal_third_party_financing_program | partial_loan_guarantee,no_financing_involvement,third_party | franchisor,none,"""We will guarantee up to an aggregate of $500,000 of all debt financed by CNOB through this financing program."" || ""Except as described above, we do not offer direct or indirect financing. We do not guarantee your note, lease or obligation."" || ""CNOB offers financing for your equipment, fixtures, furniture, computers, inventory and signs.""","We do not offer direct or indirect financing and we do not guarantee your note, lease or any financial obligation related to your Retail Business."
S0110,American Poolplayers Association,2016,2017,2,4,2,other increase,additional_territory_financing | promissory_note,direct_loan | seller_fee_financing | seller_asset_credit | direct_loan,franchisor,franchisor,"APA allowed the new franchisees to pay a portion of the amounts they owed to APA for the purchase of the territory in installments subiect to the terms of promissory notes || the new franchisees paid APA a down payment and issued APA a promissory note for the unpaid portion of the purchase price || No agent or affiliate of APA offers direct or indirect financing, guarantees any note, lease or obligation, has any practice or intent to sell, assign or discount to a third party all or part of any financing arrangement","APA allowed the new franchisees to pay a portion of the amounts they owed to APA for the purchase of the territory m installments subject to the terms of promissory notes || APA lent money to a franchisee who, at that time, owned one franchise, but who borrowed money from APA to purchase a second franchise || The purchasing franchisee gave APA a promissory note for the principal amount of $20,000 to be paid within 52 weeks, or upon the sale of the franchisee’s initial franchise"
S0104,AmericInn,2016,2017,1,0,-1,support → 0,passive_sba_directory_access | sba_access_facilitation,no_financing_involvement,third_party,none,"We do not offer direct or indirect financing to our franchisees We do not guaranty your note, lease, or obligation || we have registered the Americlnn® franchises being offered hereby under the Franchise Registry maintained by the United States Small Business Administration’s Franchise Registry Program || you will be eligible for expedited loan processing through this program","We do not offer direct or indirect fmancmg to our fi-anchisees || We do not guaranty your note, lease, or obligation"
U_529d9649,AmSpirit Franchise Corporation,2025,2026,2,0,-2,support → 0,promissory_note,no_financing_involvement,franchisor | affiliate,none,"If we or our Affiliate offer financing to you, you will be required to sign a promissory note, in the form of Exhibit G attached to this disclosure document, providing for the payment of the initial franchise fee and, if applicable, the Going Concern Payment || Although we have not done so, the promissory note may be assigned to a third party without your consent.",Neither we nor our Affiliate offer direct or indirect financing to you. || Neither we nor our Affiliate guarantee any loan or lease that may be obtained by you or any obligation that you may incur in your AmSpirit Business.
U_f0bb83dc,Annex Brands Commercial Center,2025,2026,0,1,1,0 → support,no_financing_involvement,passive_sba_directory_access,none,third_party,"Neither we nor any agent or affiliate offers direct or indirect financing to you or guarantees any of your notes, leases or obligations.","Neither we nor any agent or affiliate offers direct or indirect financing to you or guarantees any of your notes, leases or obligations. || You may be eligible for expedited and streamlined SBA loan processing through the SBA's Franchise Registry Program, www.franchiseregistry.com."
S0122,Anytime Fitness,2021,2022,4,3,-1,other decrease,formal_third_party_financing_program | sba_access_facilitation | lender_referral_compensation | partial_loan_guarantee | direct_establishment_cost_loan,third_party_equipment_leasing | third_party_construction_loan | lease_guarantee | partial_loan_guarantee | third_party_financing_arrangement_assistance | sba_access_facilitation | lender_referral_compensation,franchisor | third_party,third_party | franchisor,"We also have a direct bridge financing program that we offer, at our discretion, to qualifying franchisees to help finance tenant improvements. || The maximum amount of this loan is $150,000. || Under our agreement with RVN, we will guaranty 50% of any amounts that you fail to pay under the loan documents with RVN. || We have a separate agreement with Geneva, under which we agreed to assume certain obligations if you default under your lease, including an obligation to assist Geneva in remarketing your equipment. Under that agreement, we also agreed to establish a pool to compensate Geneva for certain of the losses it incurs, and to guaranty payment of certain of those losses. || We and our affiliates have the right to sell, assign or discount to a third party all or part of any amounts you may owe to us or our affiliates.","We do not generally offer, directly or indirectly, any financing to you to help you establish your business. || we agreed to assume certain obligations if you default under your lease, including an obligation to assist Geneva in remarketing your equipment. Under that agreement, we also agreed to establish a pool to compensate Geneva for certain of the losses it incurs, and to guaranty payment of certain of those losses. || Under our agreement with RVN, we will guaranty 50% of any amounts that you fail to pay under the loan documents with RVN. || We and our affiliates have the right to sell, assign or discount to a third party all or part of any amounts you may owe to us or our affiliates."
U_41f27b32,"Apex Franchise Holdings, LLC",2015,2016,0,4,4,0 → support,no_financing_involvement,direct_establishment_cost_loan,none,franchisor,"We do not offer direct financing || We do not guarantee any note, lease or other of your obligations","We may, in our sole discretion, provide financing to vou if vou are a qualified franchisee || we will loan vou an amount up to $65.000 based on aPDroximatelv 20% of the actual amount it will cost vou to establish vour Facility excluding the Initial Franchise Fee || neither we nor any agent or affiliate of ours offers direct or indirect financing to vou, guarantees anv of vour notes, leases or obligations, or has anv practice or intent to sell, assign or discount to a 3™ nartv all or part of anv of vour financing arrangements"
U_3b23b1db,Appell Striping,2025,2026,2,0,-2,support → 0,seller_fee_financing | seller_inventory_or_equipment_credit,no_financing_involvement,franchisor,none,"We may finance the Initial Franchise Fee, the Initial Inventory and Equipment Package, the Initial Marketing Kit and Training Fee for qualified franchisees. || You must issue a promissory note in the form attached to the Franchise Agreement as Exhibit E (the ""Note"") for the amount financed when you sign the Franchise Agreement.","We do not offer direct or indirect financing. || We will not guarantee your note, lease, or other obligations."
S0135,Aroma Joe's,2024,2025,4,0,-4,support → 0,formal_third_party_financing_program | direct_loan,no_financing_involvement,franchisor | third_party,none,"Misc. Equipment ... Ascentium Capital & Harbour Capital ... Equipment Financed || We do not guarantee your notes, leases, or obligations. || We have no present plan to sell or assign the note to any third party, although we may do so in the future. || We do require you to sign a general release of claims as a condition of making a loan to you.",We and our affiliates do not offer assistance or financing to you directly or indirectly.
S0183,Bahama Buck's,2015,2016,1,0,-1,support → 0,no_financing_involvement | passive_sba_directory_access,no_financing_involvement,none | third_party,none,"We do not offer direct or indirect financing || We do not guarantee your note, lease, or obligation || Bahama Buck's has no obligation to provide financing to you, either directly or indirectly through third parties || Bahama Buck's is not obligated to grant you any credit terms || See Item 8","We do not offer direct or indirect financing || We do not guarantee your note, lease, or obligation || Bahama Buck's has no obligation to provide financing to you, either directly or indirectly through third parties || Bahama Buck's is not obligated-to grant you any credit terms"
S0189,Bark Busters,2024,2025,2,4,2,other increase,direct_loan | seller_fee_financing,direct_loan,franchisor,franchisor,"At our sole and absolute discretion we may loan you up to thirty thousand ($30,000.00) dollars to be used as a down payment on your Initial Franchise Fee. || The loan would provide for thirty-six (36) equal monthly payments of principal and interest at an interest rate of the Wall Street Journal’s Prime Rate plus three percent (3%) per annum || It is not our practice or intent to sell, assign or transfer all or any part of the loan to any third party for any reason.","At our sole and absolute discretion we may loan you up to thirty thousand ($30,000.00) dollars to be used as a down payment on your Initial Franchise Fee."
R_BARRIO_MASTER,Barrio Burrito Bar - Master Franchise,2024,2025,2,0,-2,support → 0,initial_fee_installment | seller_fee_financing,no_financing_involvement,franchisor,none,"We offer financing to Master Franchisees for the Development Fee. || Other than the option to pay the Development Fee in installments, we do not offer any other direct or indirect financing. We do not guarantee any of your notes, leases or obligations. || We do not intend to sell, assign or discount to any third party, in whole or in part, any financing arrangements.","We do not offer any direct or indirect financing. || We do not guarantee any of your notes, leases or obligations."
U_e058469b,Barrio Queen,2025,2026,0,3,3,0 → support,no_financing_involvement,seller_store_purchase_financing | lease_guarantee | franchisor_lease_payment_guarantee | discretionary_financial_assistance_instrument_unspecified,none,franchisor | affiliate,"We do not offer any direct or indirect financing or financing arrangement, nor will we guaranty your obligations under any note or other obligation. || We do not arrange financing from other sources; therefore, we do not receive direct or indirect payments from placing financing.","we or one of our affiliates may provide financing in connection with your purchase of a corporate-owned restaurant sold on an ""as-is"" basis, or in other limited, one-off circumstances. || In addition, we may, in our sole discretion, provide a lease guarantee for an approved restaurant site. || We or our affiliates may, in our sole discretion, lease the site approved by us for your Barrio Queen restaurant and sublease the site to you. || We do not intend to sell, assign or discount to a third party any financing arrangement."
U_c0d857d9,Barrio Queen Unit,2025,2026,0,3,3,0 → support,no_financing_involvement,seller_store_purchase_financing | lease_guarantee | franchisor_lease_payment_guarantee | discretionary_financial_assistance_instrument_unspecified,none,franchisor | affiliate,"We do not offer any direct or indirect financing or financing arrangement, nor will we guaranty your obligations under any note or other obligation. || We do not arrange financing from other sources; therefore, we do not receive direct or indirect payments from placing financing.","we or one of our affiliates may provide financing in connection with your purchase of a corporate-owned restaurant sold on an ""as-is"" basis, or in other limited, one-off circumstances. || In addition, we may, in our sole discretion, provide a lease guarantee for an approved restaurant site. || We or our affiliates may, in our sole discretion, lease the site approved by us for your Barrio Queen restaurant and sublease the site to you. || We do not intend to sell, assign or discount to a third party any financing arrangement."
S0195,Baskin-Robbins,2022,2023,2,0,-2,support → 0,third_party_financing_arrangement_assistance | formal_third_party_financing_program | lender_referral_compensation | initial_fee_installment | discretionary_financial_assistance_instrument_unspecified,no_financing_involvement,third_party | franchisor,none,"you may spread the payment of your $25,000 Initial Franchise Fee into ten equal annual installments for each Franchise Agreement you sign. || The following guaranteed financing program was developed in partnership with FNB to finance new site development, remodels, and equipment, to certain franchisees previously approved by us. || We will receive a fee from FNB as part of this program. || we may from time to time, at our discretion, offer voluntary financing to existing franchisees for specific programs such as the purchase of specialized equipment or accelerated development in specified markets.","We do not offer direct or indirect financing. || We do not guaranty your note, lease, or obligation."
S0205,Bellacino's Pizza and Grinders,2024,2025,1,0,-1,support → 0,sba_access_facilitation,no_financing_involvement,third_party,none,"Bellacino's does not offer direct or indirect financing. || Bellacino's does not guarantee your note, lease or other obligations. || Franchisees of the Bellacino’s® system are eligible for expedited and streamlined SBA loan processing through the Bellacino’s Franchise Registry Program, www.franchiseregistry.com.","Bellacino's does not offer direct or indirect financing. || Bellacino's does not guarantee your note, lease or other obligations."
S5436,Bento Sushi,2023,2024,4,2,-2,other decrease,initial_fee_installment | direct_loan | initial_fee_installment | direct_loan | seller_store_purchase_financing,initial_fee_installment | seller_inventory_or_equipment_credit,franchisor,franchisor,"We may offer financing to qualified franchisees for up to 100% of their initial franchise fee. || We may offer financing to qualified franchisees who are: opening a new Bento Sushi Counter, or who are acquiring an existing Bento Sushi Counter from another franchisee, or who are purchasing an existing company-owned Bento Sushi Counter from us. || If you enter into a financing agreement with us, you will authorize us to deduct, from the Adjusted Net Sales owed to you as a result of your operation of your Bento Sushi Counter, an amount sufficient to meet your weekly loan payment and interest. || We do not offer other direct or indirect financing. We do not finance any debt to a 3rd party. We do not guarantee your note, lease or obligation. We do not have any intent to sell, assign or discount to a 3rd party all or part of the Promissory Note.","We may offer financing to qualified franchisees for up to 100% of their initial franchise fee and the initial inventory order. || We do not offer other direct or indirect financing. We do not finance any debt to a 3rd party. We do not guarantee your note, lease or obligation. || We do not have any intent to sell, assign or discount to a 3rd party all or part of the Promissory Note."
U_6dcae554,"BFT Franchise Holdings, LLC",2024,2025,1,0,-1,support → 0,formal_third_party_financing_program | lender_referral_compensation,no_financing_involvement,third_party,none,"We offer indirect financing through the third-party providers described below || We do not guarantee your note, lease or any other obligation. || We do not offer direct financing","We do not offer direct or indirect financing. || We do not guarantee your note, lease or obligation. || while we do not offer direct or indirect financing, certain third-party lenders, such as Amerifund and Navitas, have sponsored our convention in the past and may do so in the future, but we are unaware of the terms of any financing you may, if at all, obtain from these or other lenders."
U_135bf785,"Big Air Franchising, LLC",2015,2016,1,0,-1,support → 0,lender_referral | lender_referral_compensation,no_financing_involvement,third_party,none,"Neither Big Air Trampoline  nor any agent or Affiliate of ours offers direct or indirect financing || We do not guarantee your note, lease or obligation || We will provide you with the names and addresses of those lenders, if you request the information || We reserve the nght to receive referral fees from lenders or brokers","Neither Big Air Trampoline  nor any agent or Affiliate of ours offers direct or indirect financing || We do not guarantee your note, lease or obligation"
U_c68591ec,Biosweep,2023,2024,2,0,-2,support → 0,seller_inventory_or_equipment_credit,no_financing_involvement,franchisor,none,"We do offer in-house equipment financing for additional BIOSWEEEP machine purchases after your Initial Equipment Order has been completed. || If you choose to finance for 24, 30 or 36 months, then we will finance 90% and none of the freight. || If we finance additional BIOSWEEEP machine purchases after your Initial Equipment Order has been completed, we will hold the Promissory Note (the “Note”), and will not sell, assign or discount any part of it to a third party.",We do not offer direct or indirect financing for your Initial Franchise Fee or initial equipment order. || We do not assist in providing financing for you. || We do not guarantee any notes or financial obligations you may incur in setting up and operating your Franchise.
S7127,Blingle!,2023,2024,0,2,2,0 → support,no_financing_involvement,seller_fee_financing,none,franchisor,"We do not offer direct or indirect financing. We will not guarantee your note, lease or other obligations.","We may, in limited circumstances and at our option, but under no circumstances are we obligated to, finance a portion of your Initial Franchise Fee || The Secured Promissory Note obligates you to pay us the amount of your Initial Franchise Fee that we agree to finance, plus interest || We may discount the Secured Promissory Note to a third party who may be immune under the law to any defenses to payment you may have against us. || Except as described above, we do not offer direct or indirect financing. We do not guarantee your note or any other obligation."
S2673,BlueFrog Plumbing + Drain,2017,2018,2,0,-2,support → 0,no_financing_involvement | seller_fee_financing | passive_sba_directory_access,no_financing_involvement,franchisor | third_party | none,none,"we may agree to finance a portion of the Initial Franchise Fee for qualified prospective franchisees under specified terms and conditions. || If we offer you financing, you must sign a promissory note when you sign the Franchise Agreement. || We plan to apply for inclusion in the Small Business Association’s Franchise Registry. || We may sell, assign or discount any promissory note or other obligation arising out of the Franchise Agreement to a third party. || We do not guarantee your note, lease or obligations to third parties.","We do not offer direct or indirect financing. || We do not guarantee your note, lease or obligations to third parties."
S2704,BNI Franchising,2017,2018,0,2,2,0 → support,no_financing_involvement,seller_store_purchase_financing,none,franchisor,We do not offer direct or indirect financing || We do not receive any consideration from third party lenders for any placement of financing by Our franchisees,"In 2017, Franchisor effected the sale of one now formerly company owned region, pursuant to which acquirer/franchisee was allowed to pay in part via a promissory note pursuant to terms set out below. || It is also not the Franchisor’s intent or practice to sell, assign, or discount to a third-party all or part of the financing arrangement."
S2713,Board & Brush Creative Studios,2017,2018,1,0,-1,support → 0,third_party_lender_introduction,no_financing_involvement,third_party,none,"We do not offer direct or indirect financing || We do not guarantee any note, lease, or obligation on your behalf || We will, if such is available, introduce you to financial sources and suppliers who may offer credit arrangements || we will not derive income from the placement of financing","We do not offer direct or indirect financing. || We do not guarantee any note, lease, or obligation on your behalf"
U_9074ff54,"Boardwalk Fresh Burgers and Fries, Inc",2016,2017,1,0,-1,support → 0,passive_sba_directory_access | sba_access_facilitation,no_financing_involvement,third_party,none,"We do not offer, either directly or indirectly, any financing arrangements to you || We do not guarantee your notes, leases or other obligations || eligible for expedited and streamlined SBA loan processing through the SBA’s Franchise Registry Program","We do not offer, either directly or indirectly, any financing arrangements to you || We do not guarantee your notes, leases or other obligations"
S8372,Boba Nation,2023,2024,1,0,-1,support → 0,third_party_financing_arrangement_assistance,no_financing_involvement,third_party,none,"We do not offer direct or indirect financing. We do not guarantee any note, lease, or obligation on your behalf. || We will, if such is available, introduce you to financial sources and suppliers who may offer credit arrangements, but we will not derive income from the placement of financing.","We do not offer direct or indirect financing. || We do not guarantee your note, lease, or obligation."
U_44fcfc2a,BoxDrop,2022,2023,0,2,2,0 → support,no_financing_involvement,initial_fee_installment,none,franchisor,"We do not offer direct or indirect financing. || We do not guarantee your note, lease, or other obligations.",We currently offer a financing plan for the payment of your Initial Franchise Fee. || Source of Financing: Us
S2130,Brake Masters,2015,2016,4,0,-4,support → 0,affiliate_real_estate_lease | affiliate_real_property_lease,no_financing_involvement,affiliate,none,"At Its sole option, BMSI's affiliate, Heights Properties, LLP, may lease the site and/or building for your BRAKE MASTERS store to you || Neither BMSI nor any of its affiliates directly or indirectly offers you any financing || Neither BMSI nor its affiliates will guaranty your obligations to third parties || Heights Properties has the right to terminate your possession of the leased premises","We do not offer direct or indirect financing || We do not guarantee your note, lease, or obligation"
S0252,Bricks 4 Kidz,2023,2024,2,0,-2,support → 0,initial_fee_installment,no_financing_involvement,franchisor,none,"the Company reserves the right to, in rare circumstances and at its sole discretion, offer to finance all or part of your Initial Franchise Fee for up to 10 year(s). || Except as described above, we do not offer financing or arrange for financing from other sources.","We do not offer direct or indirect financing. We do not guarantee any note, lease, or obligation on your behalf."
S0252,Bricks 4 Kidz,2025,2026,0,1,1,0 → support,no_financing_involvement,third_party_financing_arrangement_assistance,none,third_party,"We do not offer direct or indirect financing. || We do not guarantee any note, lease or obligation on your behalf.","We do not offer direct or indirect financing to franchisees. We do not guarantee any note, lease, or other obligation on your behalf. || All financing decisions, loan approvals, terms, and obligations are made solely by independent lenders, and we do not receive or provide loan proceeds, guarantee repayment, or assume any financial responsibility for franchisee obligations."
U_2f593292,"Brightway Insurance, Inc",2021,2022,4,2,-2,other decrease,initial_fee_deferral | seller_fee_financing | direct_loan,seller_fee_financing,franchisor,franchisor,"You may finance the Multi-Unit Fee under our prescribed form of promissory note (described below), with the first payment due under the note deferred for a period of five years. || AAOs who opt into the enhanced commission structure on or before the date at least two weeks prior to commencing operation of the Office Agency are subject to a $25,000 Commission Enhancement Fee, which may be financed pursuant to our prescribed form of promissory note || we may offer a financing option for certain required Errors and Omissions premiums. || It is not our practice to sell, assign, or discount to a third party all or part of the financing arrangement.","You may finance the Multi-Unit Fee under our prescribed form of promissory note (described below), with the first payment due under the note deferred for a period of five years. || We also offer qualified AAOs an opportunity to finance the Financed Enhancement Fee pursuant to our prescribed form of promissory note that includes the following terms: || We offer new AAOs and qualified Office Agency owners the option of financing a portion of the Initial Fee for opening or converting to a Retail Agency. || It is not our practice to sell, assign, or discount to a third party all or part of the financing arrangement."
S5341,Buildingstars,2024,2025,0,2,2,0 → support,no_financing_involvement,seller_fee_installment,none,franchisor,"We do not offer direct or indirect financing. || We do not guarantee your note, lease or obligation.","We may finance a portion of the Initial Franchise Fee, under the circumstances explained in Item 5, or Account Sales Fees. || Other than as described above, neither we nor any agent or Affiliate offers direct or indirect financing to you, guarantees any of your notes, leases or obligations, or has any practice or intent to sell, assign or discount to a 3rd party all or part of any of your financing arrangements."
U_8570b5c5,Bumble Bee Blinds,2023,2024,0,2,2,0 → support,no_financing_involvement,seller_fee_financing,none,franchisor,"We do not offer direct or indirect financing. We will not guarantee your note, lease or other obligations.","We may, in limited circumstances and at our option, but under no circumstances are we obligated to, finance a portion of your Initial Franchise Fee, up to sixty percent (60%) of the Initial Franchise Fee for the purchase of your second (2nd) Protected Territory and up to eighty percent (80%) of the Initial Franchise Fee for the purchase of your third (3rd) Protected Territory, up to a maximum of $52,000 (the “Maximum Amount”). || If you wish to finance a portion of your Initial Franchise Fee up to the Maximum Amount, and we agree to provide such financing, you must sign a Secured Promissory Note and General Security Agreement substantially in the form of Exhibit J to the Franchise Agreement. || We may discount the Secured Promissory Note to a third party who may be immune under the law to any defenses to payment you may have against us. || Currently, we have no practice or intent of selling, assigning, or discounting to a third party any note, contract or other instrument that you execute, although we reserve the right to do so."
S0338,Camp Bow Wow,2025,2026,0,2,2,0 → support,no_financing_involvement,initial_fee_installment,none,franchisor,"Neither we, nor any agent or Affiliate of ours, offer direct or indirect financing. || We do not guarantee your note, leases or other obligations.","We offer direct financing of the initial franchise fee for Conversion Franchisees (as described below). || If you pay us $15,000 of the initial franchise fee, we will finance $35,000 of the initial franchise fee (See Item 5). || We do not guarantee your note, lease, or obligations."
U_52dfcc13,Camp Jellystone,2022,2023,0,2,2,0 → support,no_financing_involvement,initial_fee_installment,none,franchisor,"CJS does not offer direct or indirect financing. || CJS does not guarantee your note, lease or obligation.","At our discretion, we may allow you to pay 50% of the initial franchise fee upon execution of the Franchise Agreement and 50% by September 30. || We do not require a promissory note or other financing documents to be executed and we do not charge interest."
U_88b1feb8,CAMP Margaritaville,2025,2026,0,4,4,0 → support,no_financing_involvement,discretionary_financial_assistance_instrument_unspecified,none,franchisor,"We do not offer direct or indirect financing. We do not guarantee your note, lease, or obligation.","However, occasionally we may offer financial assistance to franchisees developing new Camp Margaritaville Resorts or converting existing properties from other brands to the Camp Margaritaville System. || The terms of any financial assistance, including amount, interest rate, and repayment terms, will vary widely and depend on our agreement with the franchisee and its particular circumstances."
S8079,Canopy Lawn Care,2023,2024,1,2,1,other increase,third_party_equipment_leasing | lender_referral_compensation | third_party_vehicle_financing | lender_referral_compensation,seller_fee_financing | third_party_equipment_leasing | seller_fee_financing | third_party_equipment_leasing | lender_referral_compensation,third_party,franchisor | third_party,"We have made arrangements with Enterprise FM Trust (“Lessor”) for Lessor to lease vehicles to franchisees in connection with their Lawn Car Business. || The Lessor is unaffiliated with us. || In consideration for referring a prospective franchisee to Lessor, Lessor may pay for a sponsorship at the annual conference. || Except as described above, we do not offer direct or indirect financing. We do not guarantee your note, lease or obligation.","In those situations, we may finance up to 50% of your franchise fee for up to 36 months, provided you sign the Promissory Note || We have made arrangements with Enterprise FM Trust (“Lessor”) for Lessor to lease vehicles to franchisees in connection with their Lawn Car Business. || We do not guarantee your note, lease or obligation. || We have not in the past and do not currently intend to sell, assign or discount to any third party the Note or any other financing document you sign."
U_c398ffe8,"CareBuilders At Home, Inc",2016,2017,0,1,1,0 → support,no_financing_involvement,lender_referral_compensation | no_financing_involvement,none,none | third_party,"We do not offer direct or indirect financing || We do not guarantee your note, lease or obligation","We do not offer direct or ind4rect financing || We do not guarantee your note, lease or obligation || We reserve the right to receive a fee if franchisee uses a Lender that we recommend."
S0346,Caring Senior Service,2024,2025,0,2,2,0 → support,no_financing_involvement,initial_fee_installment,none,franchisor,"We do not offer direct or indirect financing. || We do not guarantee your note, lease, or other obligations.","we may offer you financing for a portion of your initial franchise fee, up to a maximum of 50% of the total initial franchise fee which would be due to us. || At least 50% of the total initial franchise fee under each franchise agreement you intend to sign must be paid at signing and the full remainder may be financed with us. || We do not assign or discount to third parties notes, contracts or other instruments executed by you or other licensees, but we reserve the right to take, pledge and assign or discount to third parties in the future notes, contracts or other instruments executed by you or other franchisees should we determine, in our sole discretion, that this action is advisable or in our best interest."
S2138,Carstar,2015,2016,2,0,-2,support → 0,initial_fee_installment,initial_fee_installment | no_financing_involvement,franchisor,franchisor | none,"The Initial Franchise Fee may be paid, without interest, with an initial installment of $4,495 plus three equal installments of $3,500 over a period of 90 days from the Effective Date of your Franchise Agreement. || Except as set forth below, neither CARSTAR nor any affiliate of CARSTAR currently offers, directly or indirectly, any arrangements for financing of any kind for you. We do not guarantee your note, lease, or obligation.","The Initial Franchise Fee may be paid, without interest, with an initial installment of $4,495 plus three! equal installments of $3,500 over a period of 90 days from the Effective Date of your Franchise Agreement || neither CARSTAR nor any affiliate of CARSTAR currently offers, directly or indirectly, any arrangements for financing of any kind for you We do not guarantee your note, lease, or obligation"
S2492,Casa De Corazon,2025,2026,4,0,-4,support → 0,affiliate_direct_loan,no_financing_involvement,affiliate,none,"Our affiliate may offer to loan $100,000 to $200,000 for use solely in connection with the development of your Center. || You must grant a security interest in all of your assets and those of any subsidiary (“Collateral”) to secure your obligations under the Promissory Note. || we do not currently intend to sell, assign or discount to a third party the financing discussed below.","We do not offer direct or indirect financing. || We do not guarantee your note, lease or obligations."
S3936,Celebree School,2023,2024,0,4,4,0 → support,no_financing_involvement,franchisor_or_affiliate_premises_lease | lease_guarantee,none,franchisor | affiliate,"We do not offer direct or indirect financing to franchisees. We will not guarantee your note, lease, or other obligation.","CPI or its subsidiaries may offer to lease the premises of your Celebree School to you. || From time to time in rare situations we or our affiliates may provide a short term limited lease guarantee. || Except as described above, we do not offer direct or indirect financing to franchisees. We will not guarantee your note, lease, or other obligation."
S0369,Chester's,2023,2024,0,4,4,0 → support,no_financing_involvement,direct_loan | direct_loan | initial_fee_deferral,none,franchisor,"We do not offer direct or indirect financing. || We do not guarantee your note, lease, or obligation.","We may finance up to $20,000 of the purchase price for certain equipment, signage, fixtures, and product inventory you will need for your Restaurant at our sole discretion. || The Promissory Note calls for monthly payment of principal over a period of 24 months, at an interest rate of 0% annually, until such time as the balance is paid in full, but interest will accrue at 10% annually as to any payment default under the Promissory Note. || We will not sell, assign, or discount to a third party all or part of your financing arrangement with us."
S0369,Chester's,2024,2025,4,1,-3,other decrease,direct_loan | direct_loan | initial_fee_deferral,formal_third_party_financing_program,franchisor,third_party,"We may finance up to $20,000 of the purchase price for certain equipment, signage, fixtures, and product inventory you will need for your Restaurant at our sole discretion. || The Promissory Note calls for monthly payment of principal over a period of 24 months, at an interest rate of 0% annually, until such time as the balance is paid in full, but interest will accrue at 10% annually as to any payment default under the Promissory Note. || We will not sell, assign, or discount to a third party all or part of your financing arrangement with us.","We do not guarantee your note, lease or obligation. || We have arranged for third-party Ascentium ... to offer term loans to our franchisees to finance your purchase of certain core equipment, signage, fixtures, and supplies you will need for your Restaurant. || We do not receive any fees from Ascentium for referring our franchisees to Ascentium for financing"
S0375,Christian Brothers Automotive,2022,2023,2,4,2,other increase,initial_fee_installment,direct_establishment_cost_loan | seller_fee_financing | direct_loan | initial_fee_installment | direct_loan | seller_fee_financing,franchisor,franchisor,"Except for our short-term financing (as described below), we do not offer direct or indirect financing. || If we decide to finance a portion of your Down Payment, we will inform you of: (i) the amount we will finance, (ii) the maturity date of the loan, (iii) the interest rate, (iv) the amount of the monthly payments and any balloon payment... || It is not our current practice or intent to sell, assign, or discount to a third party all or part of any financing arrangement.","CBAC may offer short-term unsecured financing for loans in the minimum amount of $50,000 for remodels and renovations required by the Franchise Agreement. || For franchise fees, if you inform CBAC that you are unable to pay the full $85,000 Down Payment, we will review your financial condition and other factors we consider appropriate and determine whether we should finance a portion of your Down Payment. || We do not guarantee your notes, leases or other obligations. || It is not our current practice or intent to sell, assign, or discount to a third party all or part of any financing arrangement."
S7727,Christie’s International Real Estate,2025,2026,0,4,4,0 → support,no_financing_involvement,development_incentive_or_forgivable_loan | discretionary_financial_assistance_instrument_unspecified | lender_referral_compensation,none,franchisor | affiliate | third_party,"We do not offer direct or indirect financing. || We do not guarantee your note, lease, or obligation.","We or a Related Party, however, have the right to offer you financing to assist with conversion costs or growth opportunities. || We may offer a Conversion Promissory Note (“CPN”) to assist you in paying certain conversion or opening costs associated with your affiliation with the System or in connection with additional Offices you might acquire or open || The CPN provides for an annual opportunity to achieve forgiveness of a portion of the principal upon satisfaction of certain annual Gross Revenues thresholds. || Upon any sale or assignment, we will not remain primarily obligated to provide the financial goods or services. We do not guarantee your obligations to third parties. || If Compass has a lender that provides finance opportunities to franchisees under the Strategic Partnership Program, we or our Related Parties may receive payments from such lender. || See Item 8."
S0378,Church’s,2023,2024,1,0,-1,support → 0,passive_sba_directory_access,no_financing_involvement,third_party,none,"Neither we nor any agent or affiliate offers direct or indirect financing to you, guarantees any note, lease or obligation of yours, or has any practice or intent to sell, assign or discount to a third party all or any part of any financing arrangement of yours. || we are listed on the SBA Franchise Registry. The SBA Franchise Registry is a listing, hosted through FRANdata, of franchise systems whose franchisees may receive faster SBA loan processing because the franchise agreement has been pre-approved by the SBA.","Neither we nor any agent or affiliate offers direct or indirect financing to you, guarantees any note, lease or obligation of yours, or has any practice or intent to sell, assign or discount to a third party all or any part of any financing arrangement of yours."
S0380,Cinnabon,2025,2026,4,1,-3,other decrease,lender_referral | sba_access_facilitation | third_party_financing_arrangement_assistance | franchisor_or_affiliate_equipment_lease,lender_referral | sba_access_facilitation | financing_application_assistance,franchisor | affiliate | third_party,third_party,"We do not offer financing for trade fixtures, opening inventory, or any other purpose. || We may refer you to leasing or financing companies not affiliated with us. We and our affiliates receive no fees or other financial benefits from any lender for your financing. Currently, we will not guarantee your note, lease, or obligation, for any lender, or any other person or entity. || We or our affiliate, in our or their sole discretion and subject to availability, may lease to qualified franchisees an SRU as an additional selling location within the mall, airport, enclosed building or other retail location where an existing Bakery is located. || We may sell, assign, or discount to a third party any note, financing-related contract or other instrument you give to us.","We do not offer financing for trade fixtures, opening inventory, or any other purpose. || We may refer you to leasing or financing companies not affiliated with us. || Currently, we will not guarantee your note, lease, or obligation, for any lender, or any other person or entity. || We participate in the SBA’s Franchise Directory."
U_585a1b93,"CleanNet U.S.A., INC",2023,2024,2,4,2,other increase,initial_fee_installment | seller_fee_financing | seller_inventory_or_equipment_credit,initial_fee_installment | seller_fee_financing | direct_loan,franchisor,franchisor,"Currently, we offer financing of the initial franchise fee (less the required down payment specified in the chart below). || Currently, we also offer financing of the Finder’s Fee (see Item 6). || We may offer financing for equipment and supplies. If we do, we will finance the balance for one year at 9% interest per annum, beginning when you purchase the equipment package. || Any financing identified in this Item is provided by us and not our affiliate or any third party. || We have no practice or intent to sell, assign or discount to a third party all or part of any of your financing arrangements.","Any financing identified in this Item is provided by us and not our affiliate or any third party. || Currently, we offer financing of the initial franchise fee (less the required down payment specified in the chart below). || Currently, we also offer financing of the Finder’s Fee (see Item 6). You will pay us a down payment that is up to 50% of the Finder's Fee when each additional customer is accepted, and we will finance the balance for 1 year at 9% interest per annum, beginning the 1st month that services are performed. || We may offer financing for equipment and supplies. If we do, we will finance the balance for one year at 9% interest per annum, beginning when you purchase the equipment package. || We have no practice or intent to sell, assign or discount to a third party all or part of any of your financing arrangements."
U_585a1b93,"CleanNet U.S.A., INC",2024,2025,4,2,-2,other decrease,initial_fee_installment | seller_fee_financing | direct_loan,initial_fee_installment | seller_fee_financing | seller_inventory_or_equipment_credit | seller_fee_financing | direct_loan,franchisor,franchisor,"Any financing identified in this Item is provided by us and not our affiliate or any third party. || Currently, we offer financing of the initial franchise fee (less the required down payment specified in the chart below). || Currently, we also offer financing of the Finder’s Fee (see Item 6). You will pay us a down payment that is up to 50% of the Finder's Fee when each additional customer is accepted, and we will finance the balance for 1 year at 9% interest per annum, beginning the 1st month that services are performed. || We may offer financing for equipment and supplies. If we do, we will finance the balance for one year at 9% interest per annum, beginning when you purchase the equipment package. || We have no practice or intent to sell, assign or discount to a third party all or part of any of your financing arrangements.","Currently, we offer financing of the initial franchise fee ... the balance of the initial fee is payable in monthly installments, at an interest rate of 9% per annum || Currently, we also offer financing of the Finder’s Fee ... we will finance the balance for 1 year at 9% interest per annum || We may offer financing for equipment and supplies. If we do, we will finance the balance for one year at 9% interest per annum || Any financing identified in this Item is provided by us and not our affiliate or any third party. || We have no practice or intent to sell, assign or discount to a third party all or part of any of your financing arrangements."
S0392,Clothes Bin,2022,2023,0,2,2,0 → support,no_financing_involvement,seller_asset_credit | seller_fee_financing | seller_inventory_or_equipment_credit,none,franchisor,"We do not offer direct or indirect financing. || We do not guarantee your notes, leases or any of your obligations.","We offer, to our current franchisees only, and who are in good standing under their Franchise Agreements, financing for up to 75% of the costs to purchase additional Bins, and related freight costs, closing costs and, if they chose, Bin Placement Service fees. || The form of the Promissory Note for the loan is attached to this disclosure document as Exhibit I. || Except for the above, we do not offer direct or indirect financing. We do not guarantee your notes, leases or any of your obligations."
S0395,Club Pilates,2024,2025,1,0,-1,support → 0,formal_third_party_financing_program | lender_referral_compensation,no_financing_involvement,third_party,none,"We offer indirect financing through the third-party providers described below for certain amounts due under the Franchise Agreement. || In addition, Amerifund pays us a $500 rebate per deal they finance. We do not guarantee your note, lease or any other obligation. We do not offer direct financing and as such it is not our practice or intent to sell, assign, or discount any financing arrangement.","We do not offer direct or indirect financing. || We do not guarantee your note, lease or obligation. || While we do not offer direct or indirect financing, certain third-party lenders, such as Amerifund and Navitas, have sponsored our convention in the past and may do so in the future, but we are unaware of the terms of any financing you may, if at all, obtain from these or other lenders."
S2157,Code Ninjas,2023,2024,1,0,-1,support → 0,formal_third_party_financing_program | lender_referral_compensation,no_financing_involvement,third_party,none,"We do not generally offer, directly or indirectly, any financing to you to help you establish your business, except as set forth in this Item 10. We do not guarantee your notes, leases, or other obligations. || Guidant Financial Group, Inc. (“Guidant”) provides a program to our franchisees that allows you to use your retirement funds to buy your business without incurring tax penalties or getting a loan. || We have a separate agreement with Guidant which requires that we be paid $1,000 as a referral fee for each franchisee that engages in their retirement rollover program. There is no direct affiliation between us and Guidant.","We do not generally offer, directly or indirectly, any financing to you to help you establish your business. We do not guarantee your notes, leases, or other obligations."
S0407,Colors on Parade,2024,2025,0,4,4,0 → support,no_financing_involvement,direct_loan | affiliate_equipment_lease,none,franchisor,"We do not offer direct or indirect financing. || We do not guarantee your note, lease or obligation.","we or the Sponsoring Franchisee will purchase, equip and lease an operating unit and equipment to the LLC and lend $2,500 - $10,000 to the LLC for initial working capital, including the organizational costs of the LLC, the initial franchise fee, training fees and other sums payable to us under the Franchise Agreement and any other initial expenses of the business. || It is not our practice or intent to sell, assign, or discount to a third party all or part of the financing arrangement. || Except as disclosed above, we do not offer direct or indirect financing. We do not guarantee your note, lease or obligation."
U_68e05509,"Complete Music, Inc",2023,2024,1,0,-1,support → 0,passive_sba_directory_access,no_financing_involvement,third_party,none,"We do not offer direct or indirect financing. We do not guarantee your note, lease or obligation. || COMPLETE WEDDINGS + EVENTS® franchisees may be eligible for expedited Small Business Administration loan processing through the SBA’s Franchise Directory Program","We do not offer direct or indirect financing. || We do not guarantee your note, lease or obligation."
S0414,Computer Troubleshooters,2016,2017,1,0,-1,support → 0,lender_referral | no_financing_involvement,no_financing_involvement,none | third_party,none,"We do not offer direct or indirect financing || We do not guarantee your note, lease or obligation || We may provide you, on a voluntary basis, with suggestions for financing sources, but we are not obligated to provide you such documents, and we do not negotiate any financing arrangement","We do not offer direct or indirect financing || We do not guarantee your note, lease or obligation || We may provide you, on a voluntary basis, with suggestions for financing sources, but we are not obligated to provide you such documents, and we do not negotiate any financing arrangement"
S0414,Computer Troubleshooters,2017,2018,0,1,1,0 → support,no_financing_involvement,lender_referral,none,third_party,"We do not offer direct or indirect financing || We do not guarantee your note, lease or obligation || We may provide you, on a voluntary basis, with suggestions for financing sources, but we are not obligated to provide you such documents, and we do not negotiate any financing arrangement","We do not offer direct or indirect financing || We may provide you, on a voluntary basis, with suggestions for financing sources, but we are not obligated to provide you such documents, and we do not negotiate any financing arrangement"
U_b78cc690,"CP Franchising, LLC",2017,2018,2,0,-2,support → 0,initial_fee_installment,initial_fee_installment | no_financing_involvement,franchisor,franchisor | none,"We may finance the initial franchise fee for qualified applicants for the Inexperienced Travel Agent category. || If you qualify, you must pay $5,500 toward the initial franchise fee, and issue a promissory note in the form attached to the Franchise Agreement as Schedule 3 (the “Note”) for the balance, when you sign this Agreement. || Although we may assign the Note, commercial paper from franchisees has not been, and is not, sold or assigned to anyone, and we have no plans to do so. || We do not guarantee your obligation to third parties.","We may finance the initial franchise fee for qualified applicants for the Inexperienced Travel Agent category. If you qualify, you must pay $6,000 toward the initial franchise fee, and issue a promissory note for the balance || We do not arrange financing from other sources. || We do not guarantee your obligation to third parties. || Although we may assign the Note, commercial paper from franchisees has not been, and is not, sold or assigned to anyone, and we have no plans to do so."
S7891,CR3 American Exteriors (Area Representative),2023,2024,0,2,2,0 → support,no_financing_involvement,seller_fee_financing,none,franchisor,"We do not offer Financing, nor do we guarantee any loans.","Item Financed: All or a Portion of the Initial Franchise Fee. || Source of Financing: Us || We do not have any past or present practice to sell, assign or discount to any third party, any note, contract or other instrument signed by you, but we reserve the right to do so."
S0437,Creative Colors International,2014,2015,3,4,1,other increase,third_party_equipment_leasing | franchisor_lease_payment_guarantee | financing_application_assistance,franchisor_equipment_lease | lease_guarantee,franchisor | third_party,franchisor | third_party,"We have made arrangements where you can lease your Van from us through a third party agreement with Enterpnse Fleet Services and your payments would be made through us || We do guarantee the van lease if leased through Enterprise || We may, at your request, assist you in obtaining financing from a third party for all or part of your investment. We will not guarantee any part of your obligation. || We reserve the right to assign, pledge or transfer our rights under the Van Lease Agreement to a third party. If we exercise that right, we will remain primarily obligated to provide you the leased van.","We have made arrangements where you can lease your Van from us through a third party agreement with Enterprise Fleet ServicesManagement and your payments would be made through us. || The above arrangement represents financing of ^85% of the Delivered Price of the van. || We do guarantee the van lease if leased through Enterprise. || We reserve the right to assign, pledge or transfer our rights under the Van Lease Agreement to a third party."
S0437,Creative Colors International,2015,2016,4,3,-1,other decrease,franchisor_equipment_lease | lease_guarantee,lease_guarantee | financing_application_assistance,franchisor | third_party,third_party | franchisor,"We have made arrangements where you can lease your Van from us through a third party agreement with Enterprise Fleet ServicesManagement and your payments would be made through us. || The above arrangement represents financing of ^85% of the Delivered Price of the van. || We do guarantee the van lease if leased through Enterprise. || We reserve the right to assign, pledge or transfer our rights under the Van Lease Agreement to a third party.","We do guarantee the van lease if leased through Enterprise. || We may, at your request, assist you in obtaining financing from a third party for all or part of your investment. We will not guarantee any part of your obligation. || We reserve the right to assign, pledge or transfer our rights under the Van Lease Agreement to a third party."
S0442,Critter Control,2024,2025,1,4,3,other increase,formal_third_party_financing_program,direct_loan | accounts_receivable_purchase,third_party,franchisor | affiliate,"RAC offers financing arrangements to prospective and current qualified franchisees || Neither Critter Control nor any of its affiliates receive any payments for the placement of financing with RAC || Critter Control does not guarantee any of your notes, leases or other obligations.","RAC or Critter Control ... offers financing arrangements to prospective and current qualified franchisees in three different situations || If you meet RAC or Critter Control’s credit standards, it will finance up to 85% of those costs over a five year period || RAC may be willing to purchase the customer's installment obligation at a discount and with the payment of a merchant fee. || We may sell, assign, or discount to a third party any note, financing-related contract or other instrument you give to us."
S5002,Cruise Planners,2022,2023,1,0,-1,support → 0,formal_third_party_financing_program,no_financing_involvement,third_party,none,"We have arranged for 3rd-party banks, including primarily Kansas-chartered CBW Bank, to provide financing for up to the total amount of your initial franchise fee, less $1,000, in all states except Colorado, Iowa and West Virginia as of the date of this disclosure document. || Except as described above, neither we nor any of our agents or affiliates: offer direct or indirect financing to you; guarantee any of your notes, leases or obligations; or have any practice or intent to sell, assign or discount to a 3rd party all or part of any of your financing arrangements.","Neither we nor any agent or affiliate offers direct or indirect financing to you, guarantees any note, lease or obligation of yours, or has any practice or intent to sell, assign or discount to a third party all or part of any financing arrangement of yours."
S4360,Crumbl,2024,2025,4,0,-4,support → 0,direct_loan,no_financing_involvement,franchisor,none,"We (Crumbl Franchising, LLC) are the lender || we offer financing to a minimum number of qualified managers, who are selected at our discretion, for various expenses, including, but not limited to, site acquisition, build out, equipment purchases, and working capital. || It is not our practice or intent to sell, assign, or discount to a third party all or part of this financing arrangement.","Neither we nor our affiliates offer direct or indirect financing. || We do not guarantee your note, lease, or obligation. || There may be SBA financing to assist with the purchase of this franchise."
S6299,Créatif,2022,2023,1,0,-1,support → 0,preferred_lender_referral | third_party_financing_arrangement_assistance,no_financing_involvement,third_party,none,"We do not offer direct or indirect financing. We do not guarantee any note, lease, or obligation on your behalf. || We have a preferred loan broker, Pango Financial, LLC, to source financing on behalf of franchisees who require lending. || We have a preferred third-party funding provider, Benetrends, who assists in 401K rollovers and other business funding options.","We do not offer direct or indirect financing. || We do not guarantee any note, lease, or obligation on your behalf."
S0448,Culligan,2021,2022,1,0,-1,support → 0,formal_third_party_financing_program,no_financing_involvement,third_party,none,"We do not offer direct or indirect financing. We do not guarantee your note, lease or obligation. || We have developed a financing program with Aqua Finance, Inc. (“AFI”) for the financing of your customers' purchases... || we have no arrangement with AFI or any other party to offer you any financing, including through leases or installment contracts... || We do not receive any fees or other consideration from AFI for financing AFI provides to our dealers...","We do not offer direct or indirect financing. We do not guarantee your note, lease or obligation. || we have no arrangement with AFI or any other party to offer you any financing"
S0452,CycleBar,2024,2025,1,0,-1,support → 0,formal_third_party_financing_program | lender_referral_compensation | formal_third_party_financing_program | third_party_equipment_leasing | lender_referral_compensation,no_financing_involvement,third_party,none,"We offer indirect financing through the third-party providers described below for certain amounts due under the Franchise Agreement. || We do not guarantee your note, lease or any other obligation. || We do not offer direct financing and as such it is not our practice or intent to sell, assign, or discount any financing arrangement. || Amerifund pays us a $500 rebate per deal they finance.","We do not offer direct or indirect financing. || We do not guarantee your note, lease or obligation. || While we do not offer direct or indirect financing, certain third-party lenders, such as Amerifund and Navitas, have sponsored our convention in the past and may do so in the future, but we are unaware of the terms of any financing you may, if at all, obtain from these or other lenders."
U_476e3eb3,Daigle Cleaning Systems,2023,2024,2,1,-1,other decrease,initial_fee_deferral | initial_fee_installment | third_party_financing_arrangement_assistance,third_party_financing_arrangement_assistance,franchisor | third_party,third_party,"All DCS franchisees pay a franchise fee of $35,000 to Franchisor, which is payable as follows: || $10,000 upon signing the franchise agreement, with the remaining $25,000 due on the first anniversary of signing the franchise agreement, with no interest being charged; || $10,000 upon signing the franchise agreement with the remaining $25,000 payable in 24 monthly installments of principal plus interest at a rate of 10% compounded monthly || We may arrange trade terms with approved vendors or suppliers. || We do not guarantee your obligations to third parties.","We may arrange trade terms with approved vendors or suppliers. || No financing is available. || We do not guarantee your note, lease or obligation."
U_a789408e,"Delta Development Group, LLC",2015,2016,1,0,-1,support → 0,passive_sba_directory_access | third_party_lender_introduction | sba_access_facilitation | lender_referral,no_financing_involvement,third_party,none,"We do not offer direct or indirect financing, do not guarantee your loans, lease or other obligations, and do not receive payments or other consideration for the placement of financing. || You are eligible for expedited and streamlined U S Small Business Administration (""SEA"") loan processing through the SBA's Franchise Registry Program. || If you need financing for your franchise purchase, we can introduce you to our contacts at Benetrends and BoeFly, companies that provide financing services to prospective franchise owners.",ITEM 10  FINANCING  24
U_a789408e,"Delta Development Group, LLC",2016,2017,0,1,1,0 → support,no_financing_involvement,lender_referral | sba_access_facilitation | third_party_lender_introduction,none,third_party,ITEM 10  FINANCING  24,"We do not offer direct or indirect financing, do not guarantee your loans, lease or other obligations, and do not receive payments or other consideration for the placement of financing || If you need financing for your franchise purchase, we can introduce you to our contacts at Benetrends and BoeFly companies that provide financing services to prospective franchise owners || You are eligible for expedited and streamlined U.S. Small Business Administration ('SBA') loan processing through the SBA's Franchise Registry Program"
U_a789408e,"Delta Development Group, LLC",2017,2018,1,2,1,other increase,lender_referral | sba_access_facilitation | third_party_lender_introduction,seller_fee_financing,third_party,franchisor,"We do not offer direct or indirect financing, do not guarantee your loans, lease or other obligations, and do not receive payments or other consideration for the placement of financing || If you need financing for your franchise purchase, we can introduce you to our contacts at Benetrends and BoeFly companies that provide financing services to prospective franchise owners || You are eligible for expedited and streamlined U.S. Small Business Administration ('SBA') loan processing through the SBA's Franchise Registry Program","We will provide financing for up to fifty percent of the Initial Franchise Fee. || The balance will be paid to us in consecutive monthly payments until paid in full. || We do not guarantee your note, lease or obligation;"
S2351,Denny's,2023,2024,4,2,-2,other decrease,direct_loan | seller_store_purchase_financing,seller_asset_credit | seller_store_purchase_financing,franchisor | affiliate,franchisor,"We are not obligated to do so, but we occasionally offer to finance the purchase of POS systems and other items introduced into the Denny’s System. || In limited circumstances, DI may finance a portion of the purchase price of a former company restaurant. || DI does not practice nor does it intend to sell, assign, or discount to a third party all or part of the Security Agreement and/or Promissory Note.","we occasionally offer to finance the purchase of POS systems and other items introduced into the Denny’s System || DI may finance a portion of the purchase price of a former company restaurant || have not in the past sold, assigned, or discounted to a third party, in whole or in part, any note, contract, or other instrument executed by a franchisee"
S2351,Denny's,2024,2025,2,4,2,other increase,seller_asset_credit | seller_store_purchase_financing,direct_loan | seller_store_purchase_financing,franchisor,franchisor | franchisor | affiliate,"we occasionally offer to finance the purchase of POS systems and other items introduced into the Denny’s System || DI may finance a portion of the purchase price of a former company restaurant || have not in the past sold, assigned, or discounted to a third party, in whole or in part, any note, contract, or other instrument executed by a franchisee","we occasionally offer to finance the purchase of POS systems and other items introduced into the Denny’s System. || In limited circumstances, DI may finance a portion of the purchase price of a former company restaurant. || DI does not practice nor does it intend to sell, assign, or discount to a third party all or part of the Security Agreement and/or Promissory Note."
S8537,Destination by Hyatt,2022,2023,0,4,4,0 → support,no_financing_involvement,direct_loan,none,franchisor,"Neither we nor our affiliates offer direct or indirect financing. Neither we nor our affiliates guarantee your note, lease or obligation.","However, in some cases we periodically may offer financial assistance to franchisees developing new Brand Hotels or converting existing hotels from other brands to the Hotel System. || The terms of any financial assistance, including amount, interest rate, and repayment terms, will vary widely || Neither we nor our affiliates guarantee your note, lease or obligation."
S2087,Detail Garage,2015,2016,0,2,2,0 → support,no_financing_involvement,seller_inventory_or_equipment_credit,none,affiliate,"We do not offer direct or indirect financing for any amount due under the Franchise Agreement or Area Development Agreement || We do not guarantee your note, lease or any other obligation","We do not offer direct or indirect financing for any amount due under the Franchise Agreement or Area Development Agreement || Depending on your credit, our affiliate. Smart, Inc may offer financing or extended payment terms on inventory and product sales to you"
S0505,Dickey's Barbecue Pit,2014,2015,4,1,-3,other decrease,THIRD_PARTY_REFERRAL_ACCESS | DEVELOPMENT_INCENTIVE_FORGIVABLE_CAPITAL,lender_referral,franchisor | third_party | third_party,third_party,Dickey's will refer you to independent lenders who may finance some portion of your initial investment || Dickey's does not receive any consideration for placing financing with any lenders || Dickey's does not guarantee your note lease or any other obligation || Dickeys offers periodic special equipment financing programs for new franchisees || deliver to the franchisee's restaurant a major equipment item such as a computer system a smoker exterior signage or a vent hood having a retail price of not || have a nght of repurchase for the equipment for a price of $10 00 that will lapse on tho fifth anniversary of the opening date of the Restaurant,"Dickey's does not offer direct or indirect financing || Upon request, Dickey's will refer you to independent lenders who may finance some portion of your initial investment || Dickey's does not receive any consideration for placing financing with any lenders || Dickey's does not guarantee your note, lease or any other obligation"
S5054,Discovery Map,2015,2016,0,2,2,0 → support,no_financing_involvement,seller_fee_financing,none,franchisor | affiliate,"Neither we nor any agent or affiliate ... direct or indirect financing to you, any note, lease or obligation of yours, or ... any practice or intent to sell, assign or discount to a third party all or any part of any financing arrangement of yours","DISCOVERY MAP INTERNATIONAL, INC will finance a portion of the Imtial Franchise Fee for applicants, which it determines m its sole discretion are qualified || DISCOVERY MAP INTERNATIONAL, INC or an affiliated company || It IS not the franchisor’s practice, or intent to sell assign, or discount to a third party all or part of the financing arrangement"
S2745,DoodyCalls,2022,2023,0,2,2,0 → support,no_financing_involvement,initial_fee_installment,none,franchisor,"We do not offer direct or indirect financing to franchisees. || We will not guarantee your promissory note, lease, or other obligation.","In our discretion, we may permit you to finance up to 75% of the Franchise Fee rather than paying the entire amount in a lump sum when you sign the Franchise Agreement. || If financed, the balance of the Franchise Fee can be paid in up to 36 monthly installments of principal and interest at an interest rate of 12% per annum beginning on the first of the month following the first full month after you sign your Franchise Agreement. || We may sell, assign or discount the Promissory Note to a third party."
U_f20da828,DRIVING ACADEMY,2022,2023,1,0,-1,support → 0,lender_referral,no_financing_involvement,third_party,none,"Neither we, nor our affiliate currently offers, directly or indirectly, any financing arrangements to you. || We may assist franchisees in obtaining financing in the future or make other financing arrangements available to you by referring you to third-parties","We do not offer direct or indirect financing. || We do not guarantee your note, lease or obligation."
S0529,Dunkin,2022,2023,1,0,-1,support → 0,third_party_financing_arrangement_assistance | formal_third_party_financing_program | lender_referral_compensation,no_financing_involvement,third_party,none,"We may from time-to-time negotiate certain rates for lending arrangements, through third-party lenders, which may provide financing for qualified franchisees. || The following guaranteed financing program was developed in partnership with FNB to finance new site development, remodels, and equipment, to certain franchisees previously approved by us. || We will receive a fee from FNB as part of this Program. || Outside of the financing described below, we do not offer direct or indirect financing. We do not guaranty your note, lease, or obligation.","We do not offer direct or indirect financing. || We do not guarantee your note, lease, or obligation."
U_61564522,"EI FRANCHISE COMPANY, LLC",2015,2016,3,4,1,other increase,passive_sba_directory_access | supplier_account_guarantee,passive_sba_directory_access | seller_inventory_or_equipment_credit | supplier_account_guarantee | direct_loan,franchisor | affiliate | third_party,franchisor | affiliate | third_party,"You are eligible for expedited and streamlined Small Business Administration (""SBA"") loan processing through the SBA's Franchise Registration Program || We are typically required to guaranty your payments to suppliers for inventory items that you order through our buying program || Except as described above, neither we nor any agent or affiliate offer direct or indirect financing to you. We do not guarantee your note, lease or other obligations.","You are eligible for expedited and streamlined Small Business Administration (""SBA"") loan processing through the SBA's Franchise Registration Program See www franchiseregistry com || Payments are made to us or our affiliates by a date set by us which is prior to the due date unposed by the supplier of the particular mventory item || we and our afiHliates reserve the right to take advantage of supplier discounts by paying the supplier prior to receivmg payment from you || We are typically requued to guaranty your payments to suppliers for mventory items that you order through our buying program"
U_49144ee3,"El Centro Foods, Inc",2016,2017,2,0,-2,support → 0,initial_fee_deferral | seller_inventory_or_equipment_credit | seller_fee_financing | seller_inventory_or_equipment_credit,no_financing_involvement,franchisor,none,El Centro finances one-half the  initial franchise fee and beginning inventory for qualified applicants || The note is secured by a secunty agreement and is made pursuant to a purchase agreement || El Centro offers no other direct or indirect method of financing to you,"El Centro does not offer direct or indirect financing. El Centro does not guarantee your note, lease, or obligation."
S0581,Enviro-Master Services,2023,2024,0,4,4,0 → support,no_financing_involvement,direct_loan,none,franchisor,"We do not offer direct or indirect financing. || We do not guarantee your note, lease or obligation.","At our choice, in our sole discretion, we may offer you the opportunity to finance up to $10,000 of your costs for certain large equipment purchases that are not part of the initial equipment package described in Item 5 and Item 7 of this franchise disclosure document, at an annual interest rate of 0%. || The terms of any such financing will be governed by a Promissory Note between us and you, a copy of the form of Promissory Note is attached to this disclosure document as Exhibit E || We take a security interest in the equipment that you are financing through the Promissory Note, as well as your accounts receivable, until the balance of the Promissory Note has been paid off."
S2712,Environment Control Building Maintenance Company,2016,2017,2,4,2,other increase,seller_fee_financing | direct_loan | seller_fee_financing | discretionary_financial_assistance_instrument_unspecified,initial_fee_deferral | discretionary_financial_assistance_instrument_unspecified | seller_fee_financing | discretionary_financial_assistance_instrument_unspecified,franchisor,franchisor,"EC will make available to qualified Franchisees the financing of 50 percent of the initial Franchise Fee || Other than the financing of a portion of the initial franchise fee to Franchisees EC does not offer direct or indirect financing provided that at the sole discretion of EC, EC may provide financing to Owners/Managers of existing franchises for costs other than franchise fees || EC does not guarantee any note lease or other obligation || Exhibit E, Promissory Note further outlines the terms and conditions of this loan and remedies for default","EC will make available to qualified Franchisees the financing of 50 percent of the initial Franchise Fee. || The loan is directly financed by EC || Other than the financing of a portion of the initial franchise fee to Franchisees, EC does not offer direct or indirect financing; provided, that at the sole discretion of EC, EC may provide financing to Owners/Managers of existing franchises for costs other than franchise fees."
S6452,EOS Worldwide,2021,2022,0,1,1,0 → support,no_financing_involvement,passive_sba_directory_access,none,third_party,We do not offer financing at this time.,"We do not offer direct or indirect financing. We do not guarantee your note, lease, or obligation. || eligible for expedited and streamlined SBA loan processing to purchase the Franchised Business through the SBA’s Franchise Registry Program"
U_881baaed,EP,2025,2026,0,3,3,0 → support,no_financing_involvement,seller_store_purchase_financing | discretionary_financial_assistance_instrument_unspecified | lease_guarantee,none,franchisor | affiliate,"Neither we nor our agents or affiliates offer, either directly or indirectly, any financing arrangements. || We do not guarantee your note, lease or other obligations.","we or one of our affiliates may provide financing in connection with your purchase of a corporate-owned restaurant sold on an ""as-is"" basis, or in other limited, one-off circumstances. || we may, in our sole discretion, provide a lease guarantee for an approved restaurant site. || We or our affiliates may, in our sole discretion, lease the site approved by us for your Extreme Pita restaurant and sublease the site to you. || Lease guarantee fees, if applicable, are disclosed in Item 6 (Other Fees) of this Disclosure Document. || We do not intend to sell, assign or discount to a third party any financing arrangement."
U_3ea23802,"Equity One Franchisors, LLC",2021,2022,2,3,1,other increase,initial_fee_deferral,initial_fee_installment | formal_third_party_financing_program | loan_guarantee,franchisor,franchisor | third_party,"We may, in our sole discretion, agree to finance a portion of the Initial Franchise Fee. || It is not our practice or intent to sell, assign, or discount to a third party all or part of the financing arrangement. || Other than as described above, we do not offer direct or indirect financing. We do not guaranty your note, lease or obligation.","We may, in our sole discretion, agree to finance a portion of the Initial Franchise Fee. || We have also arranged for IPFS Corporation (“IPFS”) to offer financing for the annual premium owed on your errors and omissions insurance policy (“E&O Insurance”). || In addition, we guaranty the payments owed to IPFS."
S0584,Estrella Insurance,2022,2023,0,2,2,0 → support,no_financing_involvement,seller_fee_financing,none,franchisor,"Neither we nor our affiliates offer any direct or indirect financing arrangements to area representatives. || We do not guarantee any notes, leases or other obligations of yours to third parties. || We do not finance any portion of the Development Fee.","If you meet our credit standards, we will finance some or all of the initial franchise fee for a Commercial Office franchise over 1-year period at an interest rate of between 8% and 12% || using the standard form note (“Note”) in Appendix 1 || We do not guarantee your note, lease or obligation."
S0594,Extreme Pizza,2024,2025,0,1,1,0 → support,no_financing_involvement,third_party_lender_introduction,none,third_party,"We do not offer direct or indirect financing. We will not guarantee your note, lease or other obligations.","We do not offer direct or indirect financing. We will not guarantee your note, lease, or other obligations. We may introduce you to 3rd party companies that can assist you in the process for obtaining financing."
S0596,F45 Training,2022,2023,4,1,-3,other decrease,affiliate_direct_loan | formal_third_party_financing_program | passive_sba_directory_access | lender_referral_compensation,formal_third_party_financing_program | lender_referral_compensation | third_party_financing_arrangement_assistance | lender_referral_compensation,affiliate | third_party | franchisor,third_party,"Through FAFC LLC (“FAFC”), debt financing may be available to potential franchisees who meet certain criteria. FAFC is a joint venture between the Company and an affiliate that was established primarily for the purposes of providing debt financing to franchisees who are military veterans and have been honorably discharged since 1980. || The financing will cover the opening and pre-opening costs to open an F45 Studio, including initial franchise fee, equipment costs, construction costs, pre-opening costs, and working capital, up to a maximum loan amount of $400,000 unless otherwise approved by FAFC. || We have a relationship with Swoop Funding (“Swoop”), a funding brokerage platform that assists franchisees to obtain third-party financing. Through an agreement with Swoop, we are eligible to earn a fee equal to 20% of any commission generated by a funding transaction that is originated by Swoop. We do not provide the financing, nor do we set any terms of the financing that is sourced through Swoop. || If you are interested in obtaining a loan from a bank or other lending source that is guaranteed by the United States Small Business Administration (“SBA”), the franchisor is listed on the Franchise Registry, which means you may receive expedited loan processing through the SBA. || We and our affiliates do not have any current practice or future intent to sell, assign, or discount to a third party the promissory notes executed under the program for financing for military veterans.","Neither we nor any of our agents or affiliates offer any direct or indirect financing to you or guarantee any note, lease, or obligation for you. || We have one arrangement with a third-party financing lead source to assist franchisees who are seeking third-party lending sources. || We do not provide the financing, nor do we set any terms of the financing that is sourced through Swoop."
S0639,Firehouse Subs,2017,2018,0,4,4,0 → support,no_financing_involvement,affiliate_direct_loan,none,affiliate,"We do not offer direct or indu-ect financing || We do not guarantee your note, lease or obligation","The following summarizes the financing terms (see Exhibit “N” for Financing Documents): || Our affiliate – Capital 94 – provides restaurant equipment financing and other financing to franchise owners that meet its qualifications. || Capital 94 does not, nor does it have plans to, sell, assign or discount to a third party any of the financing, but reserves the right to do so."
U_fa42c2c5,"Five Guys Franchisor, LLC",2016,2017,1,0,-1,support → 0,passive_sba_directory_access,no_financing_involvement,third_party,none,"We do not offer, either directly or indirectly, any financing arrangements to you || We do not guarantee your notes, leases or other obligations || Franchisees of the FIVE GUYS® System are eligible for expedited and streamlined Small Business Administration (“SBA”) loan processing through the SBA’s Franchise Registry Program","We do not offer, either directly or indirectly, any financing arrangements to you. We do not guarantee your notes, leases or other obligations."
S4824,FlyFoe,2021,2022,2,0,-2,support → 0,initial_fee_installment | seller_fee_financing,no_financing_involvement,franchisor,none,"We may offer financing up to the full amount of the Initial Franchise Fee as disclosed in Item 5 to qualified credit worthy prospective franchisees for the purchase of a Select Market for $5,000 of the Initial Franchise Fee, and a line of credit of up to $20,000 that can be used towards future payments as we prescribe. || Financing is not offered for any other purpose either in connection with the establishment or the operation of a FlyFoe Franchised Business. || You and your spouse or domestic partner must personally guaranty the Promissory Note. || We may assign or discount any Promissory Note you sign.","We do not offer direct or indirect financing. || We do not guarantee your note, lease, or other obligation."
S2081,FranNet,2025,2026,0,2,2,0 → support,no_financing_involvement,initial_fee_installment,none,franchisor,"We do not offer direct or indirect financing. || We do not guarantee your note, lease or obligation.","Other than your ability to pay the initial franchise fee in 4 equal quarterly installments over your first 12 months, we do not offer direct or indirect financing. We do not guarantee your note, lease or obligation."
S7007,Freeway Insurance(R),2022,2023,0,2,2,0 → support,no_financing_involvement,initial_fee_installment | seller_fee_financing,none,franchisor,"We do not offer direct or indirect financing. || We will not guarantee your note, lease, or other obligation.","we will finance up to 50% of the Initial Fee for a Franchised Brokerage payable over a one (1) year period at an interest rate of between 9% and 12% || You must sign the standard form note (“Note”) in Exhibit 10 attached to the Franchise Agreement in connection with this financing. || It is not intended to be our practice or intent to sell, assign, or discount to a third party all or part of the financing arrangement. || We do not guarantee your note, lease or other obligation."
S2026,Frenchies,2024,2025,1,0,-1,support → 0,third_party_equipment_leasing,no_financing_involvement,third_party,none,"We do not guarantee your notes, leases, or other obligations. || Geneva Capital, LLC (“Geneva”) offers financing of up to $75,000 per studio, including furniture and fixtures, equipment, office equipment and supplies, and signage (but excluding your initial franchise fee and working capital), based on credit approvals. || We do not receive any consideration from Geneva as a result of its provision of financing to our franchisees.","We do not offer, directly or indirectly, any financing to you to help you establish your business. || We do not guarantee your notes, leases, or other obligations."
S2433,FRSTeam,2024,2025,0,2,2,0 → support,no_financing_involvement,seller_fee_financing,none,franchisor,"We do not offer direct or indirect financing. || We do not guaranty any note, lease or obligation. || We do not receive direct or indirect payments for placing financing.","we may finance up to 80% of your franchise fee for up to 24 months, provided you sign the Promissory Note || we do not offer direct or indirect financing, do not guarantee your loans, lease or other obligations || We have not in the past and do not currently intend to sell, assign or discount to any third party the Note"
U_18fd270d,Fujisan Franchising Corp,2016,2017,2,4,2,other increase,seller_inventory_or_equipment_credit | seller_fee_financing,seller_inventory_or_equipment_credit | direct_establishment_cost_loan | seller_inventory_or_equipment_credit | seller_fee_financing | installment_payment_plan,franchisor,franchisor,"We expect that we sometimes will sell Products and Services on an open account basis to certain franchisees and payment generally will be due within 30 days of purchase, although we can vary terms || We also may extend financing to franchisees to which our accounting department decides to extend credit for certain expenses involved in starting a Kiosk business, like opening inventory, small wares/equipment and costs of licenses and permits || We and our affiliates do not offer other direct or indirect financing or sell any debt to a third party We and our affiliates do not guarantee any of your obligations","We also may extend financing to franchisees to which our accounting department decides to extend credit for certain expenses involved in starting a Kiosk business, like opening inventory, small wares/equipment and costs of licenses and permits, and various other costs || We deduct your monthly payment(s) to us from your share of Gross Revenues. || If your loan payment program extends beyond an 8 month payment schedule you may be charged an additional interest fee of 1.5% on the remaining balance. || We and our affiliates do not offer other direct or indirect financing or sell any debt to a third party. We and our affiliates do not guarantee any of your obligations."
U_5d167b42,"G-FORCE Franchise Group, LLC",2024,2025,1,0,-1,support → 0,third_party_lender_introduction,no_financing_involvement,third_party,none,"We do not offer direct financing. We do not guarantee any note, lease, or other obligation on your behalf. || Financing may be available through third party vendors such as Benetrends Financial and Guidant Financial.","We do not offer direct financing. || We do not guarantee any note, lease, or other obligation on your behalf. || Financing may be available through third party vendors."
U_91f0d8d5,G-Star Inc,2014,2015,2,4,2,other increase,seller_inventory_or_equipment_credit,installment_payment_plan | direct_loan,franchisor,franchisor,"You will be allowed to pay us in installments for any furniture, fixtures, and fittings required in the Store that are sold to you by us. || You may choose, for each Season, to pay your inventory expenses either in one lump sum within 10 days of the invoice date, or in weekly installments following your receipt of the invoices for a particular Season. || We do not intend to sell, assign or discount to a third party all or part of the financing arrangements described above. || Except as disclosed above, we and our affiliates do not offer direct or indirect financing arrangements. || See Items 15 and 22.","you will be allowed to pay us in installments for any furniture, fixtures, and fittings required in the Store that are sold to you by us. || You may choose, for each Season, to pay your inventory expenses either in one lump sum within 10 days of the invoice date, or in weekly installments following your receipt of the invoices for a particular Season. || you may pay us in 60 monthly installments for Turnkey Services and the Turnkey Goods (collectively, the “Turnkey Expenses”), the Entrance Fee, the POS System cost, and the Administration and Handling Fee (the “Turnkey Installments”). || we may offer you, at our sole discretion, a loan of working capital to assist you in paying all or part of the following: your first month of rent for the Store, the first month of payroll for the Store, and the key money that you are required to pay to the landlord of the Store. || We do not intend to sell, assign or discount to a third party all or part of the financing arrangements described above."
U_7a2ac929,Gatsby Glass,2023,2024,0,2,2,0 → support,no_financing_involvement,seller_fee_financing,none,franchisor,"We do not offer direct or indirect financing. || We will not guarantee your note, lease or other obligations.","We may, in limited circumstances and at our option, but under no circumstances are we obligated to, finance a portion of your Initial Franchise Fee || you must sign a Secured Promissory Note and General Security Agreement || We may discount the Secured Promissory Note to a third party who may be immune under the law to any defenses to payment you may have against us. || Currently, we have no practice or intent of selling, assigning, or discounting to a third party any note, contract or other instrument that you execute, although we reserve the right to do so."
U_aab30d7f,"Genji Franchising, LLC",2022,2023,2,4,2,other increase,seller_inventory_or_equipment_credit,seller_inventory_or_equipment_credit | affiliate_equipment_lease | seller_inventory_or_equipment_credit | franchisor_equipment_lease,franchisor | affiliate,franchisor | affiliate,"You may pay for the opening inventory of food items, smallwares, uniforms and supplies that you purchase from us or our affiliate in three monthly installments with interest at an annual rate of eight (8%) percent || we provide it to you directly || We do not guarantee your note, lease or obligations. || It is not our practice or intent to sell, assign or discount to third parties all or part of financed or deferred amounts.","You may pay for the opening inventory of food items, smallwares, uniforms and supplies that you purchase from us or our affiliate in three monthly installments with interest at an annual rate of eight (8%) percent || If you elect to receive this financing, we provide it to you directly and we therefore do not receive any consideration for placing such financing with a third-party lender. || If offered to you, you will be given the opportunity to enter into an equipment lease agreement with us, pursuant to which you will make 12 equal, monthly payments following lease inception || It is not our practice or intent to sell, assign or discount to third parties all or part of financed or deferred amounts."
S2854,Get in Shape for Women,2014,2015,0,2,2,0 → support,no_financing_involvement,seller_fee_installment,none,franchisor,"Neither we nor any agent or affiliate offers direct or indirect financing to you, guarantees any of your notes, leases or obligations, or has any practice or intent to sell, assign or discount to a Sr'i party all or part of any of your financing arrangements || We do not receive direct or indirect payments for placing financing","In limited circumstances we may offer, but are not obligated to offer, to extend the Franchisee fee or transfer fee into twelve (12) or twenty-four (24) monthly payments with interest rates not to exceed 10%"
S2854,Get in Shape for Women,2016,2017,2,0,-2,support → 0,initial_fee_installment,no_financing_involvement,franchisor,none,"In limited circumstances we may offer, but are not obligated to offer, to extend the Franchisee fee or transfer fee into twelve (12) or twenty-four (24) monthly pa3mients with interest rates not to exceed 10% || Neither we nor any agent or affiliate offers direct or indirect financing to you, guarantees any of your notes, leases or obligations, or has any practice or intent to sell, assign or discount to a party all or part of any of your financing arrangements","Neither we nor any agent or affiliate offers direct or indirect financing to you, guarantees any of your notes, leases or obligations, or has any practice or intent to sell, assign or discount to a 3rd party all or part of any of your financing arrangements || We do not receive direct or indirect payments for placing financing"
S0723,Gloria Jean's Gourmet Coffees Franchising Corp,2015,2016,3,0,-3,support → 0,franchisor_lease_payment_guarantee | seller_asset_credit,no_financing_involvement,franchisor,none,"GJGC Corp may periodicailv offer sites to which it already has lease rights or to which it may acquire lease rights under the terms of the Sublease || GJGC Corp passes through the obligation to pay all amounts due under the prime lease || Except as described above, neither we nor any affiliate currently offers, directly or indirectly, any financing arrangements to you.","Neither we nor any affiliate currently offers, directly or indirectly, any financing arrangements to you. || Neither we nor any affiliate will guarantee your note, lease or other obligation."
S8483,Golf VX,2024,2025,0,4,4,0 → support,no_financing_involvement,affiliate_direct_loan | lender_referral_compensation,none,affiliate | third_party,"We do not offer direct or indirect financing. || We do not guarantee your note, lease or other obligation.","At this time, our parent, Golf VX Corp., is the only potential lender under the direct equipment financing agreement. || The complete terms of the equipment financing option are set forth in the Equipment Finance Rider of the Equipment Sales Agreement attached as Exhibit 6 but are summarized as follows: || If you fail to repay your loan, we have the right to terminate your franchise and acquire the rights to operate your Franchised Business directly. || We may in the future also provide indirect financing through third parties and receive referral fees from these third party providers. || Golf VX Corp. has no plans to sell or assign any rights from you or any other franchisee to a third party; however, Golf VX Corp. has the right to do so in the future. Upon any sales or assignment, Golf VX Corp. will not remain primarily obligated to provide the financial goods or services."
R_GONGCHA_MASTER,Gong cha - Master Franchise Program,2024,2025,0,2,2,0 → support,no_financing_involvement,seller_asset_credit | seller_inventory_or_equipment_credit,none,affiliate,"We do not offer direct or indirect financing. || We do not guarantee your notes, leases or any other obligation.","Our parent company, GCA, offers financing to you or your Subfranchisees for the intelligent beverage maker described in Item 7, Note 8. || GCA will finance 70% of the total cost of the intelligent beverage maker on a 6- or 12-month financing term at 10% interest (expressed on an annual basis)."
R_GONGCHA_UNIT,Gong cha - Unit Franchise Program,2024,2025,0,2,2,0 → support,no_financing_involvement,seller_inventory_or_equipment_credit,none,affiliate,"We do not offer direct or indirect financing. || We do not guarantee your note, lease, or obligation.",GCA will finance 70% of the total cost of the intelligent beverage maker on a 6- or 12-month financing term at 10% interest || The purchase agreement will require a 30% downpayment with the remainder of the amount due in equal monthly installments.
R_GONGCHA_UNIT,Gong cha - Unit Franchise Program,2025,2026,2,4,2,other increase,seller_inventory_or_equipment_credit,affiliate_equipment_lease | seller_asset_credit | affiliate_equipment_lease | seller_inventory_or_equipment_credit,affiliate,affiliate,GCA will finance 70% of the total cost of the intelligent beverage maker on a 6- or 12-month financing term at 10% interest || The purchase agreement will require a 30% downpayment with the remainder of the amount due in equal monthly installments.,"Our affiliate, GCPS, offers a number of financing options to franchisees for the intelligent beverage maker described in Item 7, Note 6. || GCPS will provide a 3-year rental plan with an upfront downpayment of $1,500 requiring a monthly repayment of $360 over a term of 36 months. There is no interest charged. The title to the machine will not be transferred until all payments have been completed over the 36-month period. || GCPS will finance 70% of the total cost of the intelligent beverage maker on a 6- or 12-month financing term at 10% interest (expressed on an annual basis). The purchase agreement will require a 30% downpayment with the remainder of the amount due in equal monthly installments."
S0733,Goodcents,2023,2024,1,0,-1,support → 0,passive_sba_directory_access,no_financing_involvement,third_party,none,"Neither we nor any agent or affiliate offers direct or indirect financing to you. || Franchisees of GOODCENTS are eligible for expedited Small Business Administration (“SBA”) loan processing through SBA’s Franchise Registry Program, www.franchiseregistry.com.",Neither we nor any agent or affiliate offers direct or indirect financing to you.
S0734,"Goosehead Insurance Agency, LLC",2015,2016,1,2,1,other increase,passive_sba_directory_access,initial_fee_installment | passive_sba_directory_access | initial_fee_installment | sba_access_facilitation,third_party,franchisor | third_party,"We do not offer direct or indirect financing || We do not guarantee your note, lease or obligation || Our franchisees may be eligible for expedited and streamlined U S Small Business Association (""SBA"") loan processing through the SBA's Franchise Registry Program","As described in Item 5, we offer you the option to pay the Initial Franchise Fee in 60 equal monthly installments, beginning on the first day of the sixth month after you complete training. || Our franchisees may be eligible for expedited and streamlined U.S. Small Business Association (“SBA”) loan processing through the SBA’s Franchise Registry Program, www.franchiseregistry.com. || Except as described above, we do not offer direct or indirect financing. We do not guarantee your note, lease or obligation."
S0734,"Goosehead Insurance Agency, LLC",2024,2025,2,0,-2,support → 0,initial_fee_installment,no_financing_involvement,franchisor | affiliate,none,"we offer you the option under the terms of the Franchise Agreement to pay a portion of the Initial Franchise Fee in 60 equal monthly installments, beginning on the first day of the sixth month after you complete training, pursuant to the Promissory Note. || The lender under the Promissory Note, as noted above, will either be us or our affiliate. || We do not guarantee your note, lease or obligation.","We do not offer direct or indirect financing. || We do not guarantee your note, lease or obligation."
S0734,"Goosehead Insurance Agency, LLC",2025,2026,0,4,4,0 → support,no_financing_involvement,development_incentive_or_forgivable_loan,none,franchisor | affiliate,"We do not offer direct or indirect financing. || We do not guarantee your note, lease or obligation.","we will loan to you the lump sum amount of $20,000 || The lender under the MBA Launch Fund Promissory Note, as noted above, will either be us or our affiliate. || we will forgive the Launch Loan in full on the first anniversary of the opening date of your Goosehead Business || The lender, under the MBA Launch Fund Promissory Note, can assign the MBA Launch Fund Promissory Note to a third party upon written notice to you."
S2010,grabbagreen,2015,2016,0,2,2,0 → support,no_financing_involvement,no_financing_involvement | seller_fee_financing,none,franchisor | none,"We do not offer direct or indirect financmg || We do not guarantee your promissory notes, mortgages, leases or other obligations","If you request and we approve, we will provide financmg for up to 50% of your Initial Area Representative Fee || We do not intend to sell, assign, or discount to a third party all or part of the Secured Promissory Note or the Security Agreement, though we may do so at any time."
S2010,grabbagreen,2016,2017,2,0,-2,support → 0,no_financing_involvement | seller_fee_financing,no_financing_involvement,franchisor | none,none,"If you request and we approve, we will provide financmg for up to 50% of your Initial Area Representative Fee || We do not intend to sell, assign, or discount to a third party all or part of the Secured Promissory Note or the Security Agreement, though we may do so at any time.","We do not offer direct or indirect financing. || We do not guarantee your promissory notes, mortgages, leases or other obligations."
S4738,Grand Welcome,2024,2025,2,0,-2,support → 0,initial_fee_deferral | initial_fee_installment,no_financing_involvement,franchisor,none,"We may offer you financing for up to 85% of the Initial Franchise Fee, if you meet our qualifications. || You must sign a Promissory Note and Security Agreement (See Exhibits D and E). || We do not, and do not intend to, sell, assign, or discount to a third party all or part of the financing arrangement.","We do not offer direct or indirect financing. || We do not guarantee any note, lease, or obligation on your behalf."
U_9403fb8a,"Greener Energy, LLC",2016,2017,1,0,-1,support → 0,third_party_equipment_leasing,no_financing_involvement,third_party,none,"We have arranged for equipment leasing through TimePayment Corp., an unrelated third party that is not affiliated with SGS in any manner. || We do not guarantee your note, lease or any other obligation. || SGS does not receive any fees from TimePayment for referring a franchisee to it for financing.","Neither we or our affiliates offer directly or indirectly any arrangements for financing of any initial investment expenditures or the expenditures for the continuing operation of your franchise. || We do not guarantee your note, lease or any other obligation."
S7576,Groovy Hues Peace Love Paint Powerwash,2023,2024,0,2,2,0 → support,no_financing_involvement,seller_fee_financing,none,franchisor,"We do not offer direct or indirect financing. We will not guarantee your note, lease or other obligations.","We may, in limited circumstances and at our option, but under no circumstances are we obligated to, finance a portion of your Initial Franchise Fee || you must sign a Secured Promissory Note and General Security Agreement || We may discount the Secured Promissory Note to a third party"
S4582,Habit Burger Grill,2022,2023,0,3,3,0 → support,no_financing_involvement,formal_third_party_financing_program | partial_loan_guarantee,none,third_party | affiliate,"We do not offer direct or indirect financing. || We do not guarantee your note, lease or obligation.","YUM may provide credit support in the form of limited guaranties. || YUM will guaranty for the benefit of Lender up to 33% of the original principal or commitment amount of your franchised business loan (up to a maximum guaranty amount of $5,000,000). || The financing covers acquisition, refinancing and related costs of a franchised outlet. || It is not YUM’s general practice or intent to sell or assign the letter agreement."
U_3e3612a1,Heavyweight Waste,2022,2023,4,0,-4,support → 0,affiliate_equipment_lease,no_financing_involvement,affiliate,none,"Below are the terms of the Equipment Lease Agreement found in Exhibit I to this Disclosure Document. These are the terms of your lease with our Affiliate, Rearden Taggart, LLC, for your containers. || You may choose to lease your containers from our Affiliate, Rearden Taggart, LLC.","We do not offer direct or indirect financing. || We do not guarantee your note, lease or obligations."
S7534,Heroes Lawn Care,2023,2024,0,2,2,0 → support,no_financing_involvement,initial_fee_installment | seller_fee_financing,none,franchisor,"We do not offer direct or indirect financing. We will not guarantee your note, lease or other obligations.","We may, in limited circumstances and at our option, but under no circumstances are we obligated to, finance a portion of your Initial Franchise Fee, up to sixty percent (60%) of the Initial Franchise Fee for the purchase of your second (2nd) Protected Territory and up to eighty percent (80%) of the Initial Franchise Fee for the purchase of your third (3rd) Protected Territory, up to a maximum of $52,000 || If you wish to finance a portion of your Initial Franchise Fee up to the Maximum Amount, and we agree to provide such financing, you must sign a Secured Promissory Note and General Security Agreement || Currently, we have no practice or intent of selling, assigning, or discounting to a third party any note, contract or other instrument that you execute, although we reserve the right to do so."
S7129,HHO Carbon Clean Systems,2024,2025,0,4,4,0 → support,no_financing_involvement,affiliate_direct_loan,none,affiliate,"We do not offer direct or indirect financing. || We do not guarantee your note, lease or other obligation.","we or our affiliates may offer direct financing to you for your purchase of certain equipment || our affiliate HHO Carbon Clean Systems, LLC is the only potential lender for this financing || Direct Financing – Equipment || Source of Financing HHO Carbon Clean Systems, LLC || Upon any sales or assignment, we will not remain primarily obligated to provide the financial goods or services."
S8319,Home Matters Caregiving UNIT,2024,2025,0,1,1,0 → support,no_financing_involvement,lender_referral,none,third_party,"We do not offer direct or indirect financing to our unit franchisees. || We do not guarantee your note, lease or any other obligation.","We do not offer direct or indirect financing to our unit franchisees. || We do not guarantee your note, lease or any other obligation. || We do, however, provide contact information for lenders of SBA loans or other financing products that are familiar with Home Matters and who can assist with applying for third party financing"
S0833,Huddle House,2024,2025,4,3,-1,other decrease,lender_referral | promissory_note | franchisor_lease_or_sublease | promissory_note | lender_referral | franchisor_real_estate_lease_sublease,franchisor_funded_lease_sublease | promissory_note | lender_referral | lender_referral | promissory_note | franchisor_lease_payment_guarantee | promissory_note | lender_referral | franchisor_asset_lease,franchisor | third_party,franchisor | third_party,"In some circumstances for New Development Units, HHI may finance a portion of Initial Franchise Fee and security deposit, in connection with the franchisee entering into a “Note.” || HHI may refer you to persons or entities that offer financing or that arrange for the placement of financing, but HHI does not receive any payment from any such person or entity || In some situations, the lease may be assigned directly to the purchaser of the Resale Unit. If not, HHI will provide a lease (or sublease).","For New Development Units, except as described in this Item, HHI does not offer direct or indirect financing to its franchisees. In some circumstances for New Development Units, HHI may finance a portion of Initial Franchise Fee and security deposit, in connection with the franchisee entering into a 'Note.' || For Resale Units (excluding franchisee to franchisee transfers), HHI may provide certain financing arrangements in connection with some Resale Units, as described below under 'Additional Terms for Resale Units.' || HHI may refer you to persons or entities that offer financing or that arrange for the placement of financing, but HHI does not receive any payment from any such person or entity || In some situations, the lease may be assigned directly to the purchaser of the Resale Unit. If not, HHI will provide a lease (or sublease). || HHI has not in the past, and does not presently, sell, assign or discount to third parties any notes, agreements or other instruments executed by HHI's franchisees."
S3113,HydroDog (unit),2023,2024,0,2,2,0 → support,no_financing_involvement,seller_fee_financing,none,franchisor,"We do not offer direct or indirect financing. || We do not guarantee your note, lease or other obligation.","Up to 50% of the Initial Franchise Fee || Source of Financing Us || We may, at our sole discretion, provide financing to you."
U_5986f9ef,I LOVE KICKBOXING,2024,2025,0,1,1,0 → support,no_financing_involvement,third_party_financing_arrangement_assistance | lender_referral_compensation,none,third_party,"As of the date of this disclosure document we do not offer direct or indirect financing and we do not guarantee your note, lease or obligation.","As of the date of this disclosure document we do not offer direct or indirect financing and we do not guarantee your note, lease or obligation. || These arrangements ordinarily involve no more than arranging to put franchisees in contact with sources of financing available to individual franchisees. || Guidant will pay us a referral fee of $1,000."
U_6ba90d74,I LOVE KICKBOXING,2024,2025,0,1,1,0 → support,no_financing_involvement,lender_referral | lender_referral_compensation,none,third_party,"we do not offer direct or indirect financing and we do not guarantee your note, lease or obligation","we do not offer direct or indirect financing and we do not guarantee your note, lease or obligation. || These arrangements ordinarily involve no more than arranging to put franchisees in contact with sources of financing available to individual franchisees. || Guidant will pay us a referral fee of $1,000."
U_04905b86,i4 Search Group,2024,2025,0,2,2,0 → support,no_financing_involvement,initial_fee_installment,none,franchisor,"We do not offer direct or indirect financing. || We do not guarantee your note, lease or other obligation.","we offered a payment plan for the payment of the Initial Franchise Fee in installments to three franchisees || We do not offer direct or indirect financing. We do not guarantee your note, lease or other obligation."
U_132b1917,"IDEA Lab International Franchise Company, LLC",2017,2018,1,0,-1,support → 0,lender_referral,no_financing_involvement,third_party,none,"We do not offer direct or indirect financing || We do not guarantee any promissory note, lease or other obligation you may make to others || We offer a list of 3rd Party Financiers","We do not offer direct or indirect financing. || We do not guarantee your note, lease or obligations."
S6953,Ideal Automotive Sales (Broker),2022,2023,1,0,-1,support → 0,passive_sba_directory_access,no_financing_involvement,third_party,none,"We do not offer direct or indirect financing. We do not guarantee your note, lease or obligation. || SBA determined that our SBA Negotiated Addendum to the Franchise Agreement is acceptable and included the ""Ideal Automotive Sales (Broker)"" brand on its Franchise Directory.","We do not offer direct or indirect financing. || We do not guarantee your note, lease or obligation."
U_8060c510,Ideal Automotive Sales (Dealer),2022,2023,1,0,-1,support → 0,passive_sba_directory_access,no_financing_involvement,third_party,none,"We do not offer direct or indirect financing. We do not guarantee your note, lease or obligation. || the Small Business Administration (“SBA”) determined that our SBA Negotiated Addendum to the Franchise Agreement is acceptable and included the “Ideal Automotive Sales (Dealer)” brand on its Franchise Directory. || we make no representation or assurance that you will qualify for SBA financing.","We do not offer direct or indirect financing. || We do not guarantee your note, lease or obligation."
S7757,iFlex,2024,2025,0,1,1,0 → support,no_financing_involvement,formal_third_party_financing_program | formal_third_party_financing_program | third_party_equipment_leasing,none,third_party,"We do not offer direct or indirect financing. || We do not guarantee your note, lease, or obligation.","We currently offer indirect financing for the Initial FF&E Package through the following designated third-party vendors. || Neither we nor any of our affiliates receive any consideration for placing financing with any of these designated third-party vendors. || We do not guarantee your note, lease, or obligation. || We do not offer direct financing for any amounts due under the Franchise Agreement"
S6700,iFoam,2023,2024,0,2,2,0 → support,no_financing_involvement,initial_fee_installment | seller_fee_financing,none,franchisor,"We do not offer direct or indirect financing. || We will not guarantee your note, lease or other obligations.","We may, in limited circumstances and at our option, but under no circumstances are we obligated to, finance a portion of your Initial Franchise Fee || If you wish to finance a portion of your Initial Franchise Fee up to the Maximum Amount, and we agree to provide such financing, you must sign a Secured Promissory Note and General Security Agreement || Currently, we have no practice or intent of selling, assigning, or discounting to a third party any note, contract or other instrument that you execute, although we reserve the right to do so."
S0861,Image360,2024,2025,0,2,2,0 → support,no_financing_involvement,initial_fee_deferral,none,franchisor,"Neither we nor any agent or affiliate offers direct or indirect financing to you, or guarantees any of your notes, leases or obligations.","You will sign our form promissory note (the “Note”) (attached to this Disclosure Document as Exhibit N) for the deferred Kickstart initial marketing deposit. || It is not our practice or intent to sell, assign or discount to a third party all or part of the Note, nor do we receive any consideration for placing the Note with a lender."
S0862,Inchin's Bamboo Garden,2014,2015,1,0,-1,support → 0,passive_sba_directory_access,no_financing_involvement,third_party,none,"We do not offer, either directly or indirectly, any financing arrangements || We do not arrange for, or guarantee, this financing on your behalf || Our registration only makes our franchise opportunity eligible to be financed through SBA financings","We do not offer, either directly or indirectly, any financing arrangements || We do not arrange financing from other sources || We do not guarantee your note, lease of the Restaurant premises, or any other obligations you may incur || We do not arrange for, or guarantee, this financing on your behalf"
U_094b938e,Interface Financial Corp,2014,2015,4,0,-4,support → 0,affiliate_direct_loan | no_financing_involvement | third_party_financing_arrangement_assistance,no_financing_involvement,affiliate | third_party | none,none,"Facility will be provided by IPGN or a third pai1> Fiinder and the terms oFthat Facility vvill bo negotiated between you and the Fundoi || The Funder under the Loan Agreement, as noted above, is currently IFGN but may in the future be another of our affiliates || The Loan Agreement is a lovolvmg credit facility permitting >oii to obtain advances of capital on a periodic basis up to and including a maximum borrowing base equal to 65% of the amount of Receivables || The Funder can assign the Loan Agreement to a third party at any time—It is not the Funder's practice or intent to sell, assign, or discount || Except as deociibed above m this Item 10. weWc do not offer direct or indirect financing, and we do not guarantee your note, lease, or obligation","We do not offer direct or indirect financing, and we do not guarantee your note, lease, or obligation"
S0894,Jackson Hewitt Tax Service,2022,2023,4,0,-4,support → 0,development_incentive_or_forgivable_loan,no_financing_involvement,franchisor | affiliate,none,"If you sign the Conversion Amendment, we will advance on your behalf certain costs toward technology, furnishings, and signage that are required for the development and operation of a Jackson Hewitt Tax Service business. || We will forgive the amounts advanced on your behalf if you operate for at least three Tax Seasons and meet the other program criteria. || Other than as disclosed above, we do not offer direct or indirect financing. We do not guarantee your note, lease, or obligation.","We do not offer direct or indirect financing. || We do not guarantee your note, lease, or obligation."
S0895,Jake's,2015,2016,1,0,-1,support → 0,sba_access_facilitation,no_financing_involvement,third_party,none,"We do not offer direct or indirect financing || We do not guarantee your note, lease or obligation || franchisees are eligible for expedited and streamlined SBA loan processing through the SBA's Franchise Registry program || We do not guarantee you will be approved for financing","We do not offer direct or indirect financuig We do not guarantee your note, lease or obligation"
U_1ae317c3,"JB HOLDINGS, LLC",2017,2018,0,1,1,0 → support,no_financing_involvement,passive_sba_directory_access,none,third_party,"We do not offer direct or indirect financing. || We do not guarantee Your note, lease or other obligation.","We do not offer direct or indirect financing. We do not guarantee Your note, lease or other obligation. || We are registered with the SBA Franchise Registry. This affiliation may assist You with obtaining expedited loan processing if You should seek SBA financing."
U_f6666748,"JC Franchising, Inc",2017,2018,0,1,1,0 → support,no_financing_involvement,third_party_lender_introduction,none,third_party,"We do not offer direct or indirect financing. || We do not guarantee Your notes, lease or any other obligations.","We do not offer direct or indirect financing || We do not guarantee your note, lease, or obligation || we may introduce companies that specialize in financing franchise opportunities"
S2683,JDog Junk Removal & Hauling,2022,2023,1,2,1,other increase,third_party_lender_introduction,initial_fee_installment,third_party,affiliate | franchisor,"We do not offer financing at this time either directly or indirectly. || We do not guarantee any Notes, Leases or obligations for you. || we may, in our discretion, introduce you to third party financing sources that may, if you meet their qualifications, supply financing options for items required as part of the initial investment.","We offer limited financing to qualified candidates up to $25,000 with interest charged at a twelve percent (12%) annual percentage rate to defray the Initial Franchise Fee. You must sign a Promissory Note || Item Financed: Initial Fee ... Source of Financing: JD Investment Company, LLC"
S8535,JdV by Hyatt,2022,2023,0,4,4,0 → support,no_financing_involvement,discretionary_financial_assistance_instrument_unspecified,none,franchisor,"Neither we nor our affiliates offer direct or indirect financing. Neither we nor our affiliates guarantee your note, lease or obligation.","in some cases we periodically may offer financial assistance to franchisees developing new Brand Hotels or converting existing hotels from other brands to the Hotel System. || The terms of any financial assistance, including amount, interest rate, and repayment terms, will vary widely and depend on our agreement with the franchisee and its particular circumstances. || Neither we nor our affiliates guarantee your note, lease or obligation."
S7502,JETSET Pilates,2022,2023,0,1,1,0 → support,no_financing_involvement,formal_third_party_financing_program,none,third_party,"We do not offer direct or indirect financing. We do not guarantee any of your notes, leases or obligations.","We offer indirect financing through the third-party provider for certain amounts due for the Equipment Package under the Franchise Agreement. || We do not offer direct financing and do not guarantee any of your notes, leases or obligations."
S7502,JETSET Pilates,2023,2024,1,0,-1,support → 0,formal_third_party_financing_program,no_financing_involvement,third_party,none,"We offer indirect financing through the third-party provider for certain amounts due for the Equipment Package under the Franchise Agreement. || We do not offer direct financing and do not guarantee any of your notes, leases or obligations.","We do not offer direct or indirect financing and do not guarantee any of your notes, leases or obligations."
S0919,Junk King,2024,2025,4,2,-2,other decrease,formal_third_party_financing_program | seller_fee_financing | promissory_note | direct_loan | lender_referral | seller_fee_financing | direct_loan | discretionary_financial_assistance_instrument_unspecified | seller_fee_financing | direct_loan | formal_third_party_financing_program | seller_fee_financing | direct_loan | lender_referral,seller_fee_financing | formal_third_party_financing_program | lender_referral_compensation | seller_fee_financing | third_party_financing_arrangement_assistance | seller_fee_financing | third_party_lender_introduction,franchisor | third_party,franchisor | third_party,"we may agree to finance a portion of the initial franchise fee for qualified prospective franchisees under specified terms and conditions. || All financing advanced to you, including any financing for your initial franchise fee, must not be more than 50% of the total equity, debt and other financial support of your business. || The financing described in this Item 10 is provided by us, JUNK KING SPV LLC. || We may sell, assign or discount any promissory note or other obligation arising out of the franchise agreement to a third party. || we may, in our sole discretion, refer you to a third party lender for financing.","We may agree to finance a portion of the initial franchise fee for qualified prospective franchisees under specified terms and conditions. || The financing described in this Item 10 is provided by us, JUNK KING SPV LLC. || We may sell, assign or discount any promissory note or other obligation arising out of the franchise agreement to a third party. || We may periodically agree with third party lenders to make financing available to our qualified franchisees and we may, in our sole discretion, refer you to a third party lender for financing. || We do not guarantee your obligations to third parties."
S2855,Keller Williams (Market Center),2025,2026,0,4,4,0 → support,no_financing_involvement,direct_loan,none,franchisor,"We do not offer direct or indirect financing. We do not guarantee any of your notes, leases or obligations.","Our Market Center Lending Program permits approved franchisees or individual principals to borrow funds from us for Market Center working capital needs, growth and expansion purposes, and/or to acquire ownership interests in a Market Center (and not for personal, family, or household purposes). || Our Capper Capital Lending Program permits approved franchisees to borrow funds from us to recruit real estate agents that meet the Company Dollar cap for their Market Center (and not for personal, family, or household purposes). || We currently do not intend to sell, assign, transfer, participate, or discount to any third party any promissory note, loan agreement, or other financing document arising under either financing program, although we reserve the right to do so if circumstances change and applicable law permits."
S0930,KFC (Traditional),2025,2026,3,0,-3,support → 0,formal_third_party_financing_program | franchisor_discretionary_loan_guarantee | formal_third_party_financing_program | partial_loan_guarantee,no_financing_involvement,third_party | affiliate,none,"KFCLLC does not offer, directly or indirectly, any arrangements for financing your initial investment or the continuing operation of the Outlet. || KFCLLC will refer licensee candidates to Lender in its sole discretion and Lender will in good faith independently evaluate such candidates || Yum may, but is not obligated to, provide credit support in the form of limited guaranties. || Yum will guaranty for the benefit of Lender up to 33% of the original principal or commitment amount of your franchised business loan (up to a maximum guaranty amount of $5,000,000). || It is not Yum’s general practice or intent to sell or assign the letter agreement.","KFCLLC does not offer, directly or indirectly, any arrangements for financing your initial investment or the continuing operation of the Outlet. || Neither KFCLLC nor its affiliates guarantees your note, lease or other obligation."
S0952,Knights Inn,2025,2026,4,0,-4,support → 0,development_incentive_or_forgivable_loan,no_financing_involvement,franchisor,none,"An “Incentive” is a financial contribution that we make to assist with the development or conversion of your Hotel and will be in an amount that we determine. || It is not our practice or intent to sell, assign or discount to a third party all or part of the Incentive Note || Except for the development incentive program described above, neither we nor our affiliates offer, directly or indirectly, financing arrangements to franchisees nor do we guarantee any note, lease, or other obligations.","We do not offer direct or indirect financing. We do not guarantee your promissory notes, mortgages, leases, or other obligations."
S4823,Koala Insulation,2024,2025,0,2,2,0 → support,no_financing_involvement,initial_fee_deferral | seller_fee_financing,none,franchisor,"We do not offer direct or indirect financing. || We do not guarantee your note, lease, or obligation. || Other than as described in this disclosure document, neither we nor our affiliates offer direct or indirect financing to you or guarantees any of your notes, leases or obligations.","Under limited and special circumstances, we may allow for a partial deferral or make optional financing available to qualifying existing franchisees. || we may finance up to 80% of your franchise fee for up to 24 months, provided you sign the Promissory Note ('Note') attached as Exhibit G || We have not in the past and do not currently intend to sell, assign or discount to any third party the Note or any other financing document you sign."
S0961,Krystal Restaurants LLC,2022,2023,1,0,-1,support → 0,passive_sba_directory_access,no_financing_involvement,third_party,none,"We do not offer direct or indirect financing. || We do not guarantee your note, lease or obligation. || We are listed on the Franchise Registry of the Small Business Administration.","We do not offer direct or indirect financing. || We do not guarantee your note, lease or obligation."
U_b9685837,"L & L Franchise, Inc",2017,2018,2,0,-2,support → 0,no_financing_involvement | seller_fee_financing,no_financing_involvement,franchisor | none,none,"We may, in our sole discretion, offer financing to you upon terms as may be mutually agreed upon for the payment of a part of the initial franchise fee for the purchase of an L & L franchise.","Except as noted, we do not offer direct or indirect financing, nor will we guarantee your note, lease or other obligations."
U_4872d732,"Lashkind Franchise, Inc",2023,2024,1,0,-1,support → 0,lender_referral,no_financing_involvement,third_party,none,We do not offer direct or indirect financing. || We may provide names of financing sources upon request. || We do not receive payment from any person for the placement of financing with such person.,"We do not offer direct or indirect financing. || We do not guarantee your note, lease or obligation."
U_414583cc,"Leading Edge Marketing, Inc",2014,2015,2,4,2,other increase,initial_fee_installment | formal_third_party_financing_program,direct_establishment_cost_loan | initial_fee_installment | formal_third_party_financing_program,franchisor | third_party,franchisor | third_party,"ProSource does not offer any direct or indirect financing to You, except that a portion of Your initial franchise fee is payable in installments || the balance of the initial franchise fee, $12,000 00, IS payable in twelve equal monthly payments of $1,000 00 each || ProSource does not guarantee Your note, lease or other obligations || ProSource has entered into an agreement with a third party lender which gives ProSource franchisees the opportunity to offer financing to such franchisee's customers","offer financing up to $250,000 per Showroom for costs incurred in building out and developing a new ProSource Showroom || If offered, this financing will be on a reimbursement type basis, where the franchisee would pay the various vendors and suppliers for build out and development costs for the new Showroom and ProSource will reimburse the franchisee upon submission of proper documentation || a portion of Your initial franchise fee is payable in installments as follows || ProSource has entered into an agreement with a third party lender which gives ProSource franchisees the opportunity to offer financing to such franchisee's customers || ProSource does not guarantee Your note, lease or other obligations"
S0991,Learning Express,2024,2025,4,3,-1,other decrease,direct_loan | supplier_account_guarantee,supplier_account_guarantee,franchisor | franchisor | third_party,franchisor | franchisor | third_party,"Except for inventory paid by credit card, we may guarantee payment of the initial merchandise inventory to allow you time to establish vendor credit. || On a need basis and at our sole discretion, we may offer to finance up to fifty percent of your opening inventory if you meet our minimum operational experience requirements. || We would be the source of your financing, and the term of the loan would be 84 months.","Except for inventory paid by credit card, we may guarantee payment of the initial merchandise inventory to allow you time to establish vendor credit. || Except as provided below, we do not guarantee any loan, lease or obligation for any franchisee."
U_74ea0954,Ledgers,2023,2024,2,0,-2,support → 0,initial_fee_installment | additional_territory_financing | seller_fee_financing,no_financing_involvement,franchisor,none,"We offer the following financing program: || All or a portion of the Initial Franchise Fee || We may in our sole discretion provide financing to you. || Schedule 4 contains the form of Promissory Note that you must sign for us to extend financing to you. || We do not guarantee your notes, leases, or obligations. || We do not have any past or present practice to sell, assign or discount to any third party, any note, contract or other instrument signed by you, but we reserve the right to do so.","We do not offer, either directly or indirectly, any financing arrangements to you. We do not guarantee your notes, leases or other obligations."
U_2b5decdd,Ledgers - Area Representative,2023,2024,0,2,2,0 → support,no_financing_involvement,seller_fee_financing,none,franchisor,"At this time, we do not offer direct or indirect financing. || We reserve the right to offer financing in the future. || We do not guarantee your note, lease or obligation.","All or a portion of the Initial Franchise Fee || Source of Financing: Us || We do not guarantee your notes, leases, or obligations."
U_578d80c8,Ledgers - Unit,2024,2025,2,0,-2,support → 0,initial_fee_installment | additional_territory_financing,no_financing_involvement,franchisor,none,"Up to 50% of the Initial Franchise Fee || 48 months with repayment due monthly || There is no intent to sell, assign or factor the debt to a third party. || We do not have any past or present practice to sell, assign or discount to any third party, any note, contract or other instrument signed by you, but we reserve the right to do so.","We do not offer, either directly or indirectly, any financing arrangements to you. We do not guarantee your notes, leases or other obligations."
U_578d80c8,Ledgers - Unit,2025,2026,0,2,2,0 → support,no_financing_involvement,seller_fee_financing,none,franchisor,"We do not offer, either directly or indirectly, any financing arrangements to you. We do not guarantee your notes, leases or other obligations.","Item Financed (Note 1) All or a Portion of the Initial Franchise Fee. || Source of Financing (Note 2) Us || We do not guarantee your notes, leases, or obligations."
S0974,LINE-X,2013,2014,1,0,-1,support → 0,lender_referral,no_financing_involvement,third_party,none,We do not offer direct or indirect financing for any amount due under the Franchise Agreement || We do not guarantee your note lease or any other obligation || We may refer you4e-t-h-ird party financing sourses,"We do not offer direct or indirect financing for any amount due under the Franchise Agreement || We do not guarantee your note, lease or any other obligation"
S0974,LINE-X,2016,2017,0,4,4,0 → support,no_financing_involvement,affiliate_direct_loan,none,affiliate,"Neither we, nor our affiliate currently offers, directly or indirectly, any financing arrangements to you. || Neither do we guarantee your note, lease, or any other obligation for a single franchise or area development. || We may assist franchisees in obtaining financing in the future and we may decide to finance certain equipment packages or make other financing arrangements available to you.","LINE-X LLC (our parent) may offer financing to you on the upgraded equipment in an amount up to 100% of the cost of the equipment || The loan will be for a term of 6 months beginning on the date of the Equipment Purchase, Loan and Security Agreement that you will be required to sign with LINE-X LLC, in the form set out in Exhibit M || LINE-X LLC does not intend to sell or assign your loan or note to a third party."
S0974,LINE-X,2021,2022,4,0,-4,support → 0,affiliate_direct_loan | direct_loan,no_financing_involvement,affiliate | franchisor,none,"we may offer financing to you on the upgraded equipment in an amount up to 100% of the cost of the equipment || Equipment Purchase, Loan and Security Agreement that you will be required to sign with us, in the form set out in Exhibit M to this Disclosure Document, which includes a Promissory Note in our favor. || We do not intend to sell or assign your loan or note to a third party. || Other than the above-described financing, we do not offer direct or indirect financing for any amount due under the Franchise Agreement. We do not guarantee your note, lease or any other obligation.","We do not offer you any direct or indirect financing for any amount due under the Franchise Agreement. || We do not guarantee your note, lease, or any other obligation, nor do we receive payment or other consideration for the placing of financing."
U_56ec7046,Liquivida,2023,2024,0,2,2,0 → support,no_financing_involvement,initial_fee_deferral | initial_fee_installment,none,franchisor | affiliate,"We do not offer any direct or indirect financing. || We do not guarantee your loan, lease or obligations.","We, in our sole discretion, may offer financing to new franchisees, based on the following terms: || Item Financed A portion of the Initial Franchise Fee || Source of Financing Us or our Affiliate"
S6270,Little Sunshine's Playhouse,2014,2015,2,4,2,other increase,seller_asset_credit,affiliate_real_estate_sublease,affiliate,affiliate,"Playhouse Development may sublease the premises of your School to you || You must pay monthly rent and other amounts due under the Sublease Agreement in amounts equal to the rent and other amounts due from the tenant under Playhouse Development's lease (the ""Prime Lease"") of the premises from the landlord plus an additional $10,000 annually || We and our affiliates do not intend to sell, assign or discount to a third party all or part of the Sublease Agreement","Our Affiliate, Playhouse Development may sublease the premises of your School to you || You must pay monthly rent and other amounts due under the Sublease Agreement || We and our Affiliates do not intend to sell, assign or discount to a third party all or part of the Sublease Agreement"
S6426,Live Hydration Spa - Area Representative,2022,2023,2,0,-2,support → 0,seller_fee_installment,no_financing_involvement,franchisor,none,"we may permit the Initial Franchise Fee and/or Development Fee to be paid in installments for creditworthy candidates || We do not guarantee your note, lease or other obligation.","We do not offer direct or indirect financing. || We do not guarantee any note, lease, or other obligation on your behalf."
S7087,Loyalty Business Services,2021,2022,2,0,-2,support → 0,initial_fee_installment | additional_territory_financing,additional_territory_financing | initial_fee_installment | no_financing_involvement,franchisor,franchisor | none,"Up to 50% of the Initial Franchise Fee (Note 1) || Source of Financing (Note 2) Us || Period of Repayment 48 months with repayment due monthly || There is no intent to sell, assign or factor the debt to a third party. (Note 4) || We do not have any past or present practice to sell, assign or discount to any third party, any note, contract or other instrument signed by you, but we reserve the right to do so. || We do not guarantee your notes, leases, or obligations.","Up to 50% of the Initial Franchise Fee (Note 1) || Source of Financing (Note 2) Us || 48 months with repayment due monthly || We do not guarantee your notes, leases, or obligations. || We do not have any past or present practice to sell, assign or discount to any third party, any note, contract or other instrument signed by you, but we reserve the right to do so."
U_86e98aee,"Lunchbox Franchise, LLC",2016,2017,1,0,-1,support → 0,passive_sba_directory_access,no_financing_involvement,third_party,none,"We do not offer direct or indirect financing. || We do not guarantee your note, lease or other obligation. || We have been listed on the SBA’s Franchise Registry Program.","We do not offer direct or indirect financing. We do not guarantee your note, lease or other obligation."
S1066,Mad Science,2021,2022,0,2,2,0 → support,no_financing_involvement,initial_fee_installment,none,franchisor,"We and our affiliates do not offer direct or indirect financing. || We and our affiliates do not guarantee your note, lease or obligation.","We may, at our sole and absolute discretion, provide installment payment plans to qualified franchisees for the Franchise Fee. || Any installment plan requires a minimum of a 5% down payment and a term not to exceed 48 months. We do not charge interest for financing."
S1066,Mad Science,2022,2023,2,0,-2,support → 0,initial_fee_installment,no_financing_involvement,franchisor,none,"We may, at our sole and absolute discretion, provide installment payment plans to qualified franchisees for the Franchise Fee. || Any installment plan requires a minimum of a 5% down payment and a term not to exceed 48 months. We do not charge interest for financing.","We and our affiliates do not offer direct or indirect financing. || We and our affiliates do not guarantee your note, lease or obligation."
S3426,Made In the Shade Blinds and More,2023,2024,0,2,2,0 → support,no_financing_involvement,initial_fee_installment,none,franchisor,"We do not offer direct or indirect financing. || We do not guarantee your note, lease or obligation.","We offer financing of the Initial Franchise Fee subject to credit approval. || Source of Financing                     Us || We do not have any past or present practice or intention to sell, assign or discount to any third party, any note, contract or other instrument signed by you."
U_64754fab,"Mai Franchising, LLC",2022,2023,2,4,2,other increase,seller_inventory_or_equipment_credit,seller_inventory_or_equipment_credit | affiliate_equipment_lease | seller_inventory_or_equipment_credit | franchisor_equipment_lease,franchisor | affiliate,franchisor | affiliate,"You may pay for the opening inventory of food items, smallwares, uniforms and supplies that you purchase from us or our affiliate in three monthly installments with interest at an annual rate of eight (8%) percent. || We do not guarantee your note, lease or obligations. || It is not our practice or intent to sell, assign or discount to third parties all or part of financed or deferred amounts.","We do not guarantee your note, lease or obligations. || You may pay for the opening inventory of food items, smallwares, uniforms and supplies that you purchase from us or our affiliate in three monthly installments with interest at an annual rate of eight (8%) percent. || If offered to you, you will be given the opportunity to enter into an equipment lease agreement with us, pursuant to which you will make 12 equal, monthly payments following lease inception in the amount equal to the particular cost of the equipment leased over a 1-year lease term || It is not our practice or intent to sell, assign or discount to third parties all or part of financed or deferred amounts."
U_64754fab,"Mai Franchising, LLC",2024,2025,4,2,-2,other decrease,seller_inventory_or_equipment_credit | affiliate_equipment_lease | seller_inventory_or_equipment_credit | franchisor_equipment_lease,seller_inventory_or_equipment_credit,franchisor | affiliate,franchisor | affiliate,"You may pay for the opening inventory of food items, smallwares, uniforms and supplies that you purchase from us or our affiliate in three monthly installments with interest at an annual rate of eight (8%) percent. || you will be given the opportunity to enter into an equipment lease agreement with us, pursuant to which you will make 12 equal, monthly payments following lease inception in the amount equal to the particular cost of the equipment leased over a 1-year lease term, and upon expiration of the term (and assuming you are not in default under the terms of the lease), you will have the option to acquire the equipment for $1. || It is not our practice or intent to sell, assign or discount to third parties all or part of financed or deferred amounts.","We do not guarantee your note, lease or obligations. || You may pay for the opening inventory of food items, smallwares, uniforms and supplies that you purchase from us or our affiliate in three monthly installments with interest at an annual rate of eight (8%) percent. || It is not our practice or intent to sell, assign or discount to third parties all or part of financed or deferred amounts."
U_7296d2a2,Mai Sushi Bars,2024,2025,4,2,-2,other decrease,seller_inventory_or_equipment_credit | affiliate_equipment_lease,seller_inventory_or_equipment_credit,franchisor | affiliate,franchisor | affiliate,"You may pay for the opening inventory of food items, smallwares, uniforms and supplies that you purchase from us or our affiliate in three monthly installments with interest at an annual rate of eight (8%) percent. || The total payments due under the lease are equivalent to the landed cost of the sushi robot equipment incurred by us (therefore, the total amount financed by you pursuant to this lease is equal to 100% of the cost of the sushi robot equipment; currently, the cost of the most expense piece of equipment that may be subject to this leasing arrangement is $14,800). || We do not guarantee your note, lease or obligations. || It is not our practice or intent to sell, assign or discount to third parties all or part of financed or deferred amounts.","We do not guarantee your note, lease or obligations. || You may pay for the opening inventory of food items, smallwares, uniforms and supplies that you purchase from us or our affiliate in three monthly installments with interest at an annual rate of eight (8%) percent. || It is not our practice or intent to sell, assign or discount to third parties all or part of financed or deferred amounts."
S4222,ManageMowed,2024,2025,4,0,-4,support → 0,affiliate_equipment_lease | franchisor_funded_vehicle_lease,no_financing_involvement,franchisor,none,"We provide a vehicle lease program for our franchisees where you may lease a vehicle that we acquire from Enterprise Fleet Management, Inc. || You will enter into a Vehicle Lease Agreement with us || Other than the Vehicle Lease Program described above, we do not offer direct or indirect financing to franchisees.","We do not offer direct or indirect financing to franchisees. || We will not guarantee your promissory note, lease, or other obligation."
S6475,Manchu Wok,2025,2026,0,3,3,0 → support,no_financing_involvement,seller_store_purchase_financing | lease_guarantee | franchisor_lease_payment_guarantee,none,franchisor | affiliate,"We do not offer direct or indirect financing. || We do not guarantee your note, lease or other obligations.","we or one of our affiliates may provide financing in connection with your purchase of a corporate-owned restaurant sold on an “as-is” basis, or in other limited, one-off circumstances || we may, in our sole discretion, provide a lease guarantee for an approved restaurant site || you will enter into a Sublease with our affiliate using our standard form of Sublease where you pay all monies owing under the Master Lease to our affiliate and the affiliate will pay the property owner || We do not intend to sell, assign or discount to a third party any financing arrangement."
U_9e716c50,Margaritaville Hotels & Resorts,2025,2026,0,4,4,0 → support,no_financing_involvement,direct_establishment_cost_loan,none,franchisor,"We do not offer direct or indirect financing. We do not guarantee your note, lease, or obligation.","occasionally we may offer financial assistance to franchisees developing new Margaritaville Hotels & Resorts or converting existing hotels from other brands to the Hotel System. || The terms of any financial assistance, including amount, interest rate, and repayment terms, will vary widely || We do not guarantee your note, lease, or obligation."
U_f664fbf6,"Matcal, Inc",2015,2016,1,0,-1,support → 0,passive_sba_directory_access,no_financing_involvement,third_party,none,"Neither we nor any agent or affiliate offers direct or indirect financing to you, guarantees any note, lease or obligation of yours, has any practice or intent to sell, assign or discount to a third party all or part of any financing arrangement of yours... || The SBA has approved our Franchise Agreement, which is listed on the SBA Franchise Registry.","Neither we nor any agent or affiliate offers direct or indirect financing to you, guarantees any note, lease or obligation of yours, has any practice or intent to sell, assign or discount to a third party all or part of any financing arrangement of yours, or receives any direct or indirect payments or other consideration from any person for the placement of financing with the lender"
U_d697087c,Mighty Dog Roofing,2023,2024,0,2,2,0 → support,no_financing_involvement,initial_fee_installment | seller_fee_financing,none,franchisor,"We do not offer direct or indirect financing. We will not guarantee your note, lease or other obligations.","We may, in limited circumstances and at our option, but under no circumstances are we obligated to, finance a portion of your Initial Franchise Fee || The Secured Promissory Note obligates you to pay us the amount of your Initial Franchise Fee that we agree to finance, plus interest || We may discount the Secured Promissory Note to a third party"
U_a139a9c2,Mobiledumps,2023,2024,0,2,2,0 → support,no_financing_involvement,promissory_note,none,franchisor,"We do not offer direct or indirect financing. || We will not guarantee your note, lease, or other obligations.","We may, in our sole discretion, provide financing to existing, qualified franchisees (i.e., creditworthy and in good standing with us) for the initial franchise fee for additional franchises. || Source of Financing / Lender          Franchisor || Amount financed                   Remainder of Initial Fee Due (for example, $25,000) || We do not now, but reserve the right to do so in the future, sell, assign or discount to a third party all or part of the financing arrangement"
U_a139a9c2,Mobiledumps,2024,2025,2,0,-2,support → 0,promissory_note,no_financing_involvement,franchisor,none,"We may, in our sole discretion, provide financing to existing, qualified franchisees (i.e., creditworthy and in good standing with us) for the initial franchise fee for additional franchises. || Source of Financing / Lender          Franchisor || Amount financed                   Remainder of Initial Fee Due (for example, $25,000) || We do not now, but reserve the right to do so in the future, sell, assign or discount to a third party all or part of the financing arrangement","We do not offer direct or indirect financing. || We do not guarantee your note, lease or obligation."
S8307,Mold Medics,2022,2023,0,2,2,0 → support,no_financing_involvement,initial_fee_installment,none,franchisor,"We do not offer direct or indirect financing. || We do not guarantee your note, lease, or obligation.","We may offer financing of up to the full amount of the Initial Franchise Fee as disclosed in Item 5 to prospects who meet our qualifications, including creditworthiness. || You must sign the Promissory Note attached as Exhibit 6 to the Franchise Agreement. || We may sell, assign or discount the Promissory Note. If we assign the Promissory Note we will not remain primarily obligated under the Note."
S8307,Mold Medics,2025,2026,2,0,-2,support → 0,initial_fee_installment,no_financing_involvement,franchisor,none,"We may offer financing of up to the full amount of the Initial Franchise Fee as disclosed in Item 5 to prospects who meet our qualifications, including creditworthiness. || If you qualify and accept financing from us, you must sign the Promissory Note attached as Exhibit 6 to the Franchise Agreement. || We may sell, assign or discount the Promissory Note.","We offer no financing arrangements to our franchisees. || We do not receive payment or other consideration for the placing of financing. || We do not guaranty any note, lease or obligation you enter into for your Franchised Business."
S1127,Monster Mini Golf,2022,2023,1,0,-1,support → 0,lender_referral_compensation,no_financing_involvement,third_party,none,"We do not offer direct or indirect financing. We do not guarantee your lease or other obligations. || You have the option, but are not required to, seek financing through a third-party lender with whom we have a relationship, Benetrends Financial. || We will receive a $1000 referral fee for each loan Benetrends Financial issues to one of our referred franchisees.",We do not offer direct or indirect financing. || We do not guarantee your lease or other obligations.
S1178,National Property Inspections,2021,2022,1,0,-1,support → 0,lender_referral,no_financing_involvement,third_party,none,"WE may provide you with information about potential sources for financing. || However, we have no written agreements with any financing provider. || No payments will be received by us from any person for the placement of financing with such person.","We and our affiliates do not offer direct or indirect financing. || Neither we nor our affiliate will guarantee your note, lease, or obligation."
S5657,Natural Awakenings,2016,2017,0,2,2,0 → support,no_financing_involvement,seller_fee_financing | promissory_note,none,franchisor,"We do not offer direct or indirect financing to you. || We do not guarantee your note, lease or other obligations to third parties.","We offer direct or indirect financing of up to 50% of the initial fee ($24,750) to you. || NAPC will finance up to 50% of the initial franchise fee ($24,750) over a 3-year period ... using the standard form Promissory Note || NAPC does not discount and sell these notes to a third party."
U_294291b5,"Navis Pack & Ship, Handle With Care Packaging Store and Pak Mail Freight",2022,2023,1,0,-1,support → 0,sba_access_facilitation,no_financing_involvement,third_party,none,"You may be eligible for expedited and streamlined SBA loan processing. || Neither we nor any agent or affiliate offers direct or indirect financing to you or guarantees any of your notes, leases or obligations.","Neither we nor any agent or affiliate offers direct or indirect financing to you or guarantees any of your notes, leases or obligations. || You may be eligible for expedited and streamlined SBA loan processing."
U_294291b5,"Navis Pack & Ship, Handle With Care Packaging Store and Pak Mail Freight",2025,2026,0,1,1,0 → support,no_financing_involvement,passive_sba_directory_access,none,third_party,"Neither we nor any agent or affiliate offers direct or indirect financing to you or guarantees any of your notes, leases or obligations.","Neither we nor any agent or affiliate offers direct or indirect financing to you or guarantees any of your notes, leases or obligations. || You may be eligible for expedited and streamlined SBA loan processing through the SBA's Franchise Registry Program, www.franchiseregistry.com."
S4790,Network In Action,2017,2018,0,2,2,0 → support,no_financing_involvement,initial_fee_installment,none,franchisor,"We do not offer direct or indirect financing. || We do not guarantee your notes, leases or other obligations.","If we choose to extend financing to you, it will be limited to 90% of your Franchise Fee. || We will act as your lender. || The promissory note you will be required to sign is included as Exhibit J to this Disclosure Document. || We are free to sell, assign or discount these promissory notes to third parties."
S4790,Network In Action,2021,2022,0,2,2,0 → support,no_financing_involvement,seller_fee_financing,none,franchisor,"We do not offer direct or indirect financing. || We do not guarantee your note, lease or obligation.","If we choose to extend financing to you, it will be limited to 90% of your Franchise Fee. || We will act as your lender and you will be required to sign a promissory note. || we reserve the right to do so. In the event we sell, assign or discount the promissory note to a third party, you may lose all of your defenses against us, as a result."
U_7996db0a,Novus Global,2024,2025,0,1,1,0 → support,no_financing_involvement,formal_third_party_financing_program,none,third_party,"We do not offer direct or indirect financing. || We do not guarantee your note, lease or obligation.","Our affiliate, The Institute for Meta Performance, LLC (the “Institute”), offers indirect financing for the Foundations Training portion of the Initial Training Program to franchisees through a third-party finance company. || Identity of lender and relationship to us: A third-party finance company. The Institute is not affiliated with and has no control over the lender. || We do not guarantee your note, lease or obligation."
U_00a5cdc4,"NPM Franchising, LLC",2021,2022,0,2,2,0 → support,no_financing_involvement,initial_fee_installment,none,franchisor,We do not provide direct or indirect financing and do not assist in providing financing for you. || We do not guarantee any notes or financial obligations.,"If you meet our credit standards, we offer financing to you for the Initial Franchise Fees for multiple franchises purchased simultaneously as described in the second option, below || 70% of the collective total of the Initial Franchise Fees upon signing the Franchise Agreements and the balance of the Initial Franchise Fees paid in installments as follows || These obligations would be represented by a promissory note in the form attached to the Multiple Franchise Purchase Addendum"
S1212,Oasis Senior Advisors,2023,2024,0,4,4,0 → support,no_financing_involvement,affiliate_direct_loan,none,affiliate,"Neither we nor any affiliate offers direct or indirect financing to you, guarantees any note, lease or obligation of yours, or has any practice or intent to sell, assign or discount to a third party all or part of any financing arrangement of yours.","Elderlife may agree to provide a loan to your owner(s) to finance all or a portion of your Initial Franchise Fee and BASF over a 36 to 60 month period || We do not receive any direct or indirect payments from Elderlife for this financing program. || Except as disclosed in this Item 10, we do not offer any direct or indirect financing. We do not guarantee your note, lease or obligation."
U_49f0ff41,Office Pride,2024,2025,2,0,-2,support → 0,seller_fee_installment,no_financing_involvement,franchisor | third_party,none,"we or an Area Developer may, but are not required to, finance 50% of the initial franchise fee || The financed amount of the initial franchise fee is evidenced by a Promissory Note || We may sell, assign or discount all or part of your Promissory Note. || We do not guaranty any note, lease or other obligation of our franchisees.","We do not offer any direct or indirect financing. || We do not guarantee your note, lease or other obligation."
S1222,Options for Senior America,2025,2026,1,0,-1,support → 0,third_party_lender_introduction,no_financing_involvement,third_party,none,"We do not offer you, directly or indirectly, any financing arrangements. || Upon your request, we can introduce you to our financial institution, PNC Bank, who has agreed to facilitate to our franchisees the process of applying for a business loan. || We do not guarantee that you will be approved for financing. If you are approved for financing, we cannot guarantee your note, lease, or any other obligation that you may have.","We do not offer direct or indirect financing. We do not guarantee your note, lease or obligation."
S1224,ORANGETHEORY,2024,2025,0,1,1,0 → support,no_financing_involvement,third_party_equipment_leasing,none,third_party,"We do not offer direct or indirect financing. || We do not guarantee your note, lease or obligations.","We do not generally offer, directly or indirectly, any financing to you to help you establish your business. || We have entered into an agreement with Ascentium Capital, a division of Regions Bank (“Ascentium”), under which Ascentium will offer lease financing to our Franchisees who meet Ascentium’s credit requirements to cover the cost of treadmills || We do not guarantee any note, lease or other obligation you incur."
S8618,Osmow's,2023,2024,4,3,-1,other decrease,third_party_equipment_leasing | franchisor_real_estate_sublease,third_party_equipment_leasing | franchisor_lease_payment_guarantee,franchisor | third_party,franchisor | third_party | third_party | franchisor,"We have arranged for a Restaurant equipment financing program for our franchisees with Econolease Financial Services, which you may be eligible for. || Neither we nor any affiliate or agent receives any direct or indirect consideration for placing financing with this lender. || In our sole discretion, we may enter into the Head Lease for the Restaurant premises with the landlord. || If we do enter into the Head Lease, you will enter into a Sublease for the restaurant location with us.","We have arranged for a Restaurant equipment financing program for our franchisees with Econolease Financial Services... Neither we nor any affiliate or agent receives any direct or indirect consideration for placing financing with this lender. || In our sole discretion, we may enter into the Head Lease for the Restaurant premises with the landlord. The landlord is usually unrelated to us. If we do enter into the Head Lease, you will enter into a Sublease for the restaurant location with us. You must pay rent to us or any one we direct. || If you default under the provisions of the Head Lease, we may terminate the Sublease on written notice and/or re-enter and repossess the premises without notice. You must indemnify us for all taxes and other government assessments and all costs arising under the Head Lease."
S8618,Osmow's,2024,2025,3,4,1,other increase,third_party_equipment_leasing | franchisor_lease_payment_guarantee,franchisor_lease_payment_guarantee | franchisor_real_estate_sublease,franchisor | third_party | third_party | franchisor,franchisor,"We have arranged for a Restaurant equipment financing program for our franchisees with Econolease Financial Services... Neither we nor any affiliate or agent receives any direct or indirect consideration for placing financing with this lender. || In our sole discretion, we may enter into the Head Lease for the Restaurant premises with the landlord. The landlord is usually unrelated to us. If we do enter into the Head Lease, you will enter into a Sublease for the restaurant location with us. You must pay rent to us or any one we direct. || If you default under the provisions of the Head Lease, we may terminate the Sublease on written notice and/or re-enter and repossess the premises without notice. You must indemnify us for all taxes and other government assessments and all costs arising under the Head Lease.","We offer only the following direct and indirect financing arrangement to you: || In our sole discretion, we may enter into the Head Lease for the Restaurant premises with the landlord. || If we do enter into the Head Lease, you will enter into a Sublease for the restaurant location with us. || If you do not pay the rent, or if you fail to continually operate the Restaurant, or otherwise default under the Sublease, we may terminate the Sublease and/or re-enter and repossess the premises without notice || If we terminate the Sublease, you will remain liable under the Sublease and Head Lease for rent, attorney fees and other damages."
U_554dc0d0,PackageHub Business Centers,2023,2024,0,3,3,0 → support,no_financing_involvement,supplier_account_guarantee,none,franchisor,"We do not offer direct or indirect financing. || We do not guarantee your note, lease or obligation.","Except as disclosed in the information above about the limited guaranty we provide to designated suppliers, we do not guarantee your obligations to third parties. || We do not offer direct or indirect financing."
U_554dc0d0,PackageHub Business Centers,2024,2025,3,0,-3,support → 0,supplier_account_guarantee,no_financing_involvement,franchisor,none,"Except as disclosed in the information above about the limited guaranty we provide to designated suppliers, we do not guarantee your obligations to third parties. || We do not offer direct or indirect financing.","We do not offer direct or indirect financing. || We do not guarantee your note, lease or obligation."
S1267,Pak Mail (Retail Center),2014,2015,2,1,-1,other decrease,seller_fee_financing,passive_sba_directory_access,franchisor,third_party,"we may accept a Note from you for payment of not more than 50% of the Development Fee || Other than the above, we do not offer direct or indirect financing. We do not guarantee your note, lease or other obligations","You are eligible for expedited and streamlined Small Business Administration (""SBA"") loan processing through the SBA's Franchise Registry Program || We do not offer direct or indirect financing. We do not guarantee your note, lease or other obligations."
S1274,PAPA MURPHY'S INTERNATIONAL LLC,2022,2023,1,0,-1,support → 0,third_party_financing_arrangement_assistance,no_financing_involvement,third_party,none,We may use our creditworthiness with vendors to leverage better payment terms with these vendors for franchisees. || We do not currently guarantee any notes or financial obligations you may incur in setting up and operating your franchise.,neither we nor any affiliate offer direct or indirect financing || We do not currently guarantee any notes or financial obligations you may incur || We may use our creditworthiness with vendors to leverage better payment terms with these vendors for franchisees.
S1274,PAPA MURPHY'S INTERNATIONAL LLC,2025,2026,0,3,3,0 → support,no_financing_involvement,franchisor_lease_payment_guarantee | third_party_financing_arrangement_assistance,none,franchisor | third_party,neither we nor any affiliate offer direct or indirect financing || We do not currently guarantee any notes or financial obligations you may incur || We may use our creditworthiness with vendors to leverage better payment terms with these vendors for franchisees.,"We do not currently guarantee any notes or financial obligations you may incur in setting up and operating your franchise, except potentially for the lease of your Franchised Store in our sole discretion. || Lease guaranty fees, if applicable, are disclosed in Item 6 (Other Fees) of this Disclosure Document. || We may use our creditworthiness with vendors to leverage better payment terms with these vendors for franchisees."
U_a2d44ede,"Peak Franchising, Inc",2015,2016,1,0,-1,support → 0,no_financing_involvement | passive_sba_directory_access,no_financing_involvement,none | third_party,none,"Neither we nor any agent or affiliate of ours offers direct or indirect financing || We do not guarantee your note, lease, or obligation || We do not currently place financing with anyone and do not receive any payment for placement of financing || We do not have any past or present practice to sell, assign or discount to any third party, in whole or in part, any financing arrangements","Neither we nor any agent or affiliate of ours offers direct or indirect financing. || We do not guarantee your note, lease, or obligation. || We do not currently place financing with anyone and do not receive any payment for placement of financing."
S3428,Pedal Pub,2023,2024,4,0,-4,support → 0,affiliate_equipment_lease,no_financing_involvement,affiliate,none,"Our affiliate, PP Leasing, currently offers to lease the bikes to franchisees that meet our and its current requirements. || PP Leasing has not sold, assigned or discounted to a third party all or any part of an Equipment Lease, but it reserves the right to sell or assign the lease to a third party.","We and our affiliates do not offer direct or indirect financing, and do not guarantee your note, lease or obligation."
S6636,Pet Evolution - Unit Offering,2024,2025,0,2,2,0 → support,no_financing_involvement,seller_fee_financing,none,franchisor,"We do not offer, directly or indirectly, any financing to you to help you establish your business. || We do not guarantee any note, lease or other obligation you incur.","we may defer the payment of Royalty Fees based upon various circumstances || We and our affiliates may sell, assign or discount to a third party all or part of any amounts you may owe to us or to our affiliates."
S2233,Petland,2024,2025,3,1,-2,other decrease,financing_application_assistance | passive_sba_directory_access | franchisor_discretionary_loan_guarantee,financing_application_assistance,third_party | franchisor,third_party,"Financing arrangements are generally your responsibility, although we may assist you with the development of your business plan, your store development budget, and your loan request which is submitted to third party lenders. || You may be eligible for expedited U.S. Small Business Administration loan processing through the SBA’s Franchise Registry Program. || Petland may, but is not required to, guarantee your obligations to third parties.","Petland does not offer direct or indirect financing. || We do not guarantee your obligations to third parties. || we may assist you with the development of your business plan, your store development budget, and your loan request which is submitted to third party lenders."
S1298,Philly Pretzel Factory,2024,2025,0,4,4,0 → support,no_financing_involvement,franchisor_real_estate_sublease,none,franchisor,"you (and if you are an entity, each of your owners) will enter into a Sublease and Guaranty of Sublease with us under which you will obtain the right to occupy your Non-Traditional Location. || It is not our practice or intent to sell, assign, or discount to a third party the Sublease.","you (and if you are an entity, each of your owners) will enter into a Sublease and Guaranty of Sublease with us under which you will obtain the right to occupy your Non-Traditional Location. || It is not our practice or intent to sell, assign, or discount to a third party the Sublease."
S1298,Philly Pretzel Factory,2025,2026,4,0,-4,support → 0,franchisor_real_estate_sublease,no_financing_involvement,franchisor,none,"you (and if you are an entity, each of your owners) will enter into a Sublease and Guaranty of Sublease with us under which you will obtain the right to occupy your Non-Traditional Location. || It is not our practice or intent to sell, assign, or discount to a third party the Sublease.","you (and if you are an entity, each of your owners) will enter into a Sublease and Guaranty of Sublease with us under which you will obtain the right to occupy your Non-Traditional Location. || The Security Deposit ranges between $3,000 and $7,000 for most Non-Traditional Locations. || It is not our practice or intent to sell, assign, or discount to a third party the Sublease."
S1309,Pinot's Palette,2024,2025,1,0,-1,support → 0,formal_third_party_financing_program | lender_referral_compensation,no_financing_involvement,third_party,none,"Except as described below, we do not provide direct or indirect financing and do not assist in provding financing for you. We do not guarantee any notes, leases or other obligations. || We have a separate agreement with Guidant whereby we are paid $1,000 as a referral fee for each client we refer to Guidant that engages in their retirement rollover program. || There is no direct affiliation between us and Guidant. || We have a separate agreement with Benetrends which requires that we are paid $1,000 as a referral fee for each client that engages in their retirement rollover program.","We do not offer direct or indirect financing. || We do not guarantee your note, lease or obligation."
S1313,Pizza Hut (Non-Traditional),2022,2023,0,3,3,0 → support,no_financing_involvement,formal_third_party_financing_program | partial_loan_guarantee,none,franchisor | affiliate | third_party | third_party | affiliate,"We do not offer direct or indirect financing for the Licensed Concepts offered by this disclosure document. We do not guarantee your note, lease or other obligation.","Under such arrangement, we will refer franchisee candidates to Lender in its sole discretion and Lender will in good faith independently evaluate such candidates for one or more available credit products based on Lender’s then prevailing underwriting guidelines. || YUM may, but is not obligated to, provide credit support in the form of limited guaranties. || YUM will guaranty for the benefit of Lender up to 33% of the original principal or commitment amount of your franchised business loan (up to a maximum guaranty amount of $5,000,000)."
S1313,Pizza Hut (Non-Traditional),2025,2026,3,0,-3,support → 0,formal_third_party_financing_program | partial_loan_guarantee,no_financing_involvement,affiliate | third_party | third_party | affiliate | franchisor,none,"YUM may, but is not obligated to, provide credit support in the form of limited guaranties. || YUM will guaranty for the benefit of Lender up to 33% of the original principal or commitment amount of your franchised business loan (up to a maximum guaranty amount of $5,000,000). || our lending assistance will take the form of our guaranteeing 25% of your loan principal under this program, for a maximum guaranteed amount of $1,250,000 per loan or franchisee. || The financing covers acquisition, refinancing, and related costs of a franchised outlet.","We and our affiliates do not offer, directly or indirectly, any arrangements for financing your initial investment or the continuing operation of your Restaurants. || Neither we nor our affiliates guarantee your note, lease or other obligation."
S1245,PJ's Coffee of New Orleans,2021,2022,0,1,1,0 → support,no_financing_involvement,lender_referral | financing_application_assistance,none,third_party,"Franchisor does not offer direct or indirect financing. || Franchisor does not guarantee Franchisee’s note, lease, or obligation.","Franchisor, its agents or affiliates do not offer direct or indirect financing. Franchisor, its agents or affiliates do not guarantee Franchisee’s note, lease, or obligation. || The Franchisor may also suggest financial institutions that the Franchisee may utilize as a potential lending source. || Neither the Franchisor nor its affiliates receive any consideration for placing financing with these lenders."
S1334,Popeyes Louisiana Kitchen,2022,2023,4,0,-4,support → 0,franchisor_real_estate_lease_or_sublease | no_financing_involvement,no_financing_involvement,franchisor | none,none,"If we own or lease the land or the land and building of your Franchised Restaurant, we may lease or sublease the location to you. || We do not offer any direct or indirect financing to franchisees. We do not guarantee your note, lease or obligation. || We and our affiliates have the right to sell, assign or discount to a third party all or part of any amounts you may owe to us or to our affiliates.","We do not offer any direct or indirect financing to franchisees. || We do not guarantee your note, lease or obligation. || We and our affiliates have the right to sell, assign or discount to a third party all or part of any amounts you may owe to us or to our affiliates."
S1334,Popeyes Louisiana Kitchen,2023,2024,0,1,1,0 → support,no_financing_involvement,formal_third_party_financing_program | lender_referral_compensation,none,third_party,"We do not offer any direct or indirect financing to franchisees. || We do not guarantee your note, lease or obligation. || We and our affiliates have the right to sell, assign or discount to a third party all or part of any amounts you may owe to us or to our affiliates.","Except as disclosed below, we do not offer any direct or indirect financing. We do not guarantee your notes, leases, or obligations to third parties. || We have entered into an agreement with Ascentium Capital, a division of Regions Bank (“Ascentium”), a third-party equipment lender, under which Ascentium will offer financing to our Franchisees who meet their requirements, to finance the cost of the purchase of certain equipment for a Restaurant. || A non-refundable rebate compensation equal to 0.35% of the total loans funded to Popeyes’ franchisees by Ascentium will be paid to PLK on a quarterly basis."
S1334,Popeyes Louisiana Kitchen,2024,2025,1,4,3,other increase,formal_third_party_financing_program | lender_referral_compensation,franchisor_site_lease_or_sublease | formal_third_party_financing_program,third_party,franchisor | third_party,"Except as disclosed below, we do not offer any direct or indirect financing. We do not guarantee your notes, leases, or obligations to third parties. || We have entered into an agreement with Ascentium Capital, a division of Regions Bank (“Ascentium”), a third-party equipment lender, under which Ascentium will offer financing to our Franchisees who meet their requirements, to finance the cost of the purchase of certain equipment for a Restaurant. || A non-refundable rebate compensation equal to 0.35% of the total loans funded to Popeyes’ franchisees by Ascentium will be paid to PLK on a quarterly basis.","If we own or lease the land or the land and building of your Franchised Restaurant, we may lease or sublease the location to you. || We have entered into an agreement with Ascentium Capital, a division of Regions Bank (“Ascentium”), a third-party equipment lender, under which Ascentium will offer financing to our Franchisees who meet their requirements, to finance the cost of the purchase of certain equipment for a Restaurant. || We do not guarantee your notes, leases, or obligations to third parties."
S1334,Popeyes Louisiana Kitchen,2025,2026,4,1,-3,other decrease,franchisor_site_lease_or_sublease | formal_third_party_financing_program,formal_third_party_financing_program,franchisor | third_party,third_party,"If we own or lease the land or the land and building of your Franchised Restaurant, we may lease or sublease the location to you. || We have entered into an agreement with Ascentium Capital, a division of Regions Bank (“Ascentium”), a third-party equipment lender, under which Ascentium will offer financing to our Franchisees who meet their requirements, to finance the cost of the purchase of certain equipment for a Restaurant. || We do not guarantee your notes, leases, or obligations to third parties.","Except as disclosed below, we do not offer any direct or indirect financing. We do not guarantee your notes, leases, or obligations to third parties. || We have entered into an agreement with Ascentium Capital, a division of Regions Bank (“Ascentium”), a third-party equipment lender, under which Ascentium will offer financing to our Franchisees who meet their requirements, to finance the cost of the purchase of certain equipment for a Restaurant. || We have entered into an agreement with LEAF Capital Funding, LLC (“LEAF”), a third-party equipment lender, under which LEAF will offer financing to our Franchisees who meet their requirements to finance the cost of the purchase of certain equipment for a Restaurant. || If we own or lease the land or the land and building of your Franchised Restaurant, we may lease or sublease the location to you. The lease terms are described in detail in Item 6 of this disclosure document."
U_6b9a9874,"PPSF, LLC",2022,2023,2,0,-2,support → 0,initial_fee_installment,no_financing_involvement,franchisor,none,"We offer limited financing on a selective basis. || If you qualify, we may offer you financing for up to 50% of the initial franchise fee. || Any financing will bear interest at 10% per year, and will be payable in equal monthly installments according to an agreed-upon schedule. || Our standard form Promissory Note is attached as Exhibit G. || It is our practice to retain the debt, rather than to sell, assign or discount it to a third party. || Other than as described here, we do not offer direct or indirect financing. We do not guarantee your notes, leases or any other obligations.","We do not offer direct or indirect financing. || We do not guarantee your notes, leases or any other obligations."
U_28d0cd0c,Premier Franchise Management,2017,2018,2,0,-2,support → 0,initial_fee_installment,no_financing_involvement,franchisor,none,"If you qualify, we may offer you financing for up to $27,000 of the initial franchise fee || Any financing will bear interest at 10% per year, and will be payable in equal monthly installments according to an agreed-upon schedule || It is our practice to retain the debt, rather than to sell, assign or discount it to a third party","We do not offer direct or indirect financing || We do not guarantee your notes, leases or obligations"
U_5ca73032,Presotea,2025,2026,0,2,2,0 → support,no_financing_involvement,seller_fee_installment,none,franchisor,"We do not offer direct or indirect financing. || We do not guarantee your note, lease or obligation.","We finance the Master Franchise fee. || The balance of the Master Franchise Fee is payable over the 4 years following the initial franchise year... || Except as provided above, we do not offer direct or indirect financing. We do not guarantee your note, lease or obligation."
S1349,Pretzelmaker,2023,2024,0,4,4,0 → support,no_financing_involvement,passive_sba_directory_access | franchisor_affiliate_equity_investment,none,franchisor | affiliate | third_party,"Neither we nor any agent or affiliate offers direct or indirect financing to you, guarantees any note, lease or obligation of yours, or has any practice or intent to sell, assign or discount to a third party all or any part of any financing arrangement of yours.","We do not offer direct or indirect financing. || We do not guarantee your note or obligation. || We or an affiliate of ours will contribute capital to the LLC in proportion to our (or affiliate’s) percentage interest in the LLC || We or our affiliate’s capital contribution will provide a portion of the capital required by the LLC to establish the franchised business, including initial franchise fees; site acquisition costs; construction or remodeling costs; equipment and fixtures; and the opening inventory and supplies required to operate the Restaurant."
S7548,Prism Specialties,2024,2025,2,0,-2,support → 0,seller_fee_financing,no_financing_involvement,franchisor,none,"We may finance the Initial Franchise Fee and Turn-Key Business Package Fee if you meet our qualifications and credit standards. || You must sign a Promissory Note if we offer you any financing. || Source of Financing          Us || We have no past practice or future intent of selling, assigning, or discounting franchisees’ financing arrangements to a third party, although we reserve the right to do so in the future.","We do not offer direct or indirect financing. || We do not guarantee your note, lease, or other obligation."
U_de038fa2,Prism Specialties,2024,2025,2,0,-2,support → 0,seller_fee_financing,no_financing_involvement,franchisor,none,"We may finance the Initial Franchise Fee and Turn-Key Business Package Fee if you meet our qualifications and credit standards. || You must sign a Promissory Note if we offer you any financing. || Source of Financing          Us || We have no past practice or future intent of selling, assigning, or discounting franchisees’ financing arrangements to a third party, although we reserve the right to do so in the future.","We do not offer direct or indirect financing. || We do not guarantee your note, lease, or other obligation."
S1361,Property Management Inc,2022,2023,0,4,4,0 → support,no_financing_involvement,direct_loan,none,franchisor | affiliate,"We do not currently offer any direct or indirect financing to franchisees, but we may do so in the future. || We do not guarantee any lease, note, or obligation for any franchisee.","We or a related company, however, have the right to offer you financing to assist with conversion costs or growth opportunities. || Unless noted below, the financing will be in the form of promissory notes (“Notes”) as set forth in the table below: || Liability Upon Default [2]: Unpaid Loan, Loss of Franchise; acceleration of payments and other remedies available to us under the terms of the Note and the Franchise Agreement"
U_4e4f1861,Purchase Green,2024,2025,2,0,-2,support → 0,initial_fee_installment,no_financing_involvement,franchisor,none,"The Franchise Agreement provides for payment of one-half of the Initial Franchise Fee on signing and the remainder in twelve (12) monthly installments. || We do not have any practice or intent to sell, assign or discount the financing arrangements to any third party. || We do not provide any other financing or financing arrangements.","We do not offer direct or indirect financing. We do not finance any debt to a third party. We do not guarantee your note, lease or obligation."
S2756,Pure Barre,2024,2025,1,0,-1,support → 0,formal_third_party_financing_program | lender_referral_compensation | formal_third_party_financing_program | third_party_equipment_leasing | lender_referral_compensation,no_financing_involvement,third_party,none,"We offer indirect financing through the third-party providers described below for certain amounts due under the Franchise Agreement. || We do not guarantee your note, lease or any other obligation. || We do not offer direct financing and as such it is not our practice or intent to sell, assign, or discount any financing arrangement. || Amerifund pays us a $500 rebate per deal they finance.","While we do not offer direct or indirect financing or receive consideration from referrals or placement of financing with any third-party lender || We do not guarantee your note, lease or obligation."
S5795,QC Kinetix,2022,2023,1,0,-1,support → 0,passive_sba_directory_access,no_financing_involvement,third_party,none,"Neither we, nor our affiliate currently offers, directly or indirectly, any financing arrangements to you. || We are registered in the Small Business Administration’s (“SBA”) Franchise System Directory (the “Directory”).","We do not offer direct or indirect financing. || We do not guarantee your note, lease or obligation."
S1408,Realty Executives,2016,2017,0,4,4,0 → support,no_financing_involvement,seller_fee_financing | direct_establishment_cost_loan,none,franchisor,"We do not offer direct or indirect financing || We do not guaranty any of your notes, leases or other obligations","From time to time, we may finance the initial franchise fee as well as certain startup costs, including equipment, office supplies, signage and real estate improvements. || You must sign a promissory note in our favor with an initial principal amount equal to the amount financed. || We reserve the right to sell or assign the Promissory Note although it is not our current practice to do so."
S1408,Realty Executives,2024,2025,2,4,2,other increase,initial_fee_installment,initial_fee_installment | direct_loan,franchisor,franchisor,"From time to time, we may offer financing for the initial franchise fee. || If we provide you with financing for the initial franchise fee, you must sign a promissory note in our favor || We reserve the right to sell or assign the Promissory Note although it is not our current practice to do so.","From time to time, we may offer financing for the initial franchise fee. || Depending on the circumstances, we may, in our sole discretion, choose to offer you financing as a retention or other incentive, or for any other purpose as we may deem appropriate for the facts or circumstances of the particular franchise or franchisee. || Amount Financed – Up to 100% of initial franchise fee, or any other amount as we deem appropriate. || If we provide you with financing for any purpose, you must sign a promissory note in our favor with an initial principal amount equal to the amount financed. || We reserve the right to sell or assign the Promissory Note although it is not our current practice to do so."
U_1a822f50,"ReUp Galaxy Holdings, LLC",2023,2024,0,2,2,0 → support,no_financing_involvement,seller_fee_financing | lender_referral_compensation,none,franchisor | affiliate | third_party,"We do not offer direct or indirect financing. || We do not guarantee your note, lease or other obligation.","We will provide a promissory note (a “Note”) for the amount financed and any financing charges that you, or, if you are a Corporate Entity, each of your members, shareholders and partners and each of these parties’ spouses must sign the Note if we agree to offer you direct financing on your Initial Franchise Fee. || We may in the future also provide indirect financing through third parties and receive referral fees from these third party providers. || We do not guarantee your note, lease or obligation. || We have no plans to sell or assign any Note from you or any other franchisee to a third party; however, we have the right to do so in the future. Upon any sales or assignment, we will not remain primarily obligated to provide the financial goods or services."
U_2815b6ef,"Rise Franchising, LLC",2016,2017,1,0,-1,support → 0,passive_sba_directory_access | sba_access_facilitation,no_financing_involvement,third_party,none,"We do not offer direct or indirect financing. We do not guarantee your note, lease or other obligation. || Franchisees of the Rise System are eligible for expedited and streamlined SBA loan processing through the SBA’s Franchise Registry Program, www.franchiseregistry.com.","We do not offer direct or indirect financing. || We do not guarantee your note, lease or other obligation."
S1435,Rita's Ice-Custard-Happiness,2025,2026,1,0,-1,support → 0,passive_sba_directory_access,no_financing_involvement,third_party,none,"We do not offer direct or indirect financing. We do not guarantee your note, lease or obligation. || We participate in the SBA’s Franchise Registry Program described at www.franchiseregistry.com. Under the SBA’s Franchise Registry Program, we may modify the Franchise Agreement and Development Agreement, if necessary, to comply with SBA requirements for you to participate in certain SBA loan programs.","We do not offer direct or indirect financing. || We do not guarantee your note, lease or obligation. || We do not receive direct or indirect payments for placing financing."
U_f03ed89b,"Rocksohd Granit (USA), Inc",2014,2015,4,2,-2,other decrease,passive_sba_directory_access | affiliate_equipment_lease,seller_fee_financing | seller_inventory_or_equipment_credit | sba_access_facilitation,franchisor | third_party,franchisor | third_party,"We will selllease this digital templator to you for a $1.6673.000 down payment and $ 1.700 monthly pavments for the noxt over 120 months || We do not intend to sell, assign or discount to any third party all or part of this lease arrangement for the digital templator || Franchise prospects of Rocksolid Granit are eligible for expedited and streamlmed SBA loan processing through the SBA's Franchise Registry Program","we may agree to provide financing for a portion of your Initial Franchise Fee || you must sign a promissory note with us in the form of Exhibit J to the Franchise Agreement || We will sell this digital templator to you for a $ 1,995.66 monthly payment over 12 months || Franchise prospects of Rocksolid Granit are eligible for expedited and streamlined SBA loan processing through the SBA's Franchise Registry Program || Although Rocksolid Granit has never done so, we have the right to sell or assign the note to a third party without your consent"
S1442,Rocky Mountain Chocolate Factory,2024,2025,0,2,2,0 → support,no_financing_involvement,seller_store_purchase_financing,none,franchisor,"We do not offer direct or indirect financing. || We do not guarantee your note, lease or obligation.","We may choose to extend financing for up to 50% of the total investment for the purchase of a Rocky Mountain Chocolate Factory Business. || It is not our practice to sell, assign, or discount the Promissory Note to a third party."
S1450,Rosati's Pizza,2022,2023,4,0,-4,support → 0,lender_referral | seller_fee_financing | direct_loan | seller_fee_financing | direct_loan,no_financing_involvement,franchisor | franchisor | third_party,none,"We do not offer a direct or indirect financing program; however, on occasion we offer financing of the initial franchisee fee or transfer fee or financing for certain repairs, assistance, or acquisitions. || Currently, we may finance up to $15,000 for franchise fees or transfer fees at no interest with payment due within 12 months. || We may offer financing for repairs, assistance or acquisitions of up to $100,000 at an interest rate of 8% with payment due within 36 months. || We do not guarantee your note, lease or obligation. || We do not receive any benefits from lenders that we may recommend or introduce to our franchisees.","We do not offer direct or indirect financing. || We do not guarantee your promissory notes, mortgages, leases or other obligations."
S1450,Rosati's Pizza,2023,2024,0,1,1,0 → support,no_financing_involvement,third_party_financing_arrangement_assistance,none,third_party,"We do not offer direct or indirect financing. || We do not guarantee your promissory notes, mortgages, leases or other obligations.","We have decided at this time to not offer any in-house financing options. || However, We may assist You in obtaining outside financing for Your franchise."
S1450,Rosati's Pizza,2025,2026,1,0,-1,support → 0,third_party_financing_arrangement_assistance,no_financing_involvement,third_party,none,"We have decided at this time to not offer any in-house financing options. || However, We may assist You in obtaining outside financing for Your franchise.","We do not offer direct or indirect financing. || We do not guarantee your note, lease or any other obligation."
U_de95e60d,Rubber Ducky Franchises,2025,2026,2,0,-2,support → 0,seller_fee_financing,no_financing_involvement,franchisor,none,"We do not offer direct or indirect financing, nor do we guarantee your note, lease or other obligations. || However, we may offer 50% financing of the initial franchise fee.","We do not offer direct or indirect financing, nor do we guarantee your note, lease or other obligations."
S6736,Rumble,2024,2025,1,0,-1,support → 0,formal_third_party_financing_program | lender_referral_compensation,no_financing_involvement,third_party,none,"We offer indirect financing through the third-party providers described below for certain amounts due under the Franchise Agreement. || We do not guarantee your note, lease or any other obligation. We do not offer direct financing and as such it is not our practice or intent to sell, assign, or discount any financing arrangement. || Amerifund pays us a $500 rebate per deal they finance.","We do not offer direct or indirect financing. We do not guarantee your note, lease, or obligations. || While we do not offer direct or indirect financing, certain third-party lenders, such as Amerifund and Navitas, have sponsored our convention in the past..."
S1518,SafeSplash Swim School,2024,2025,2,0,-2,support → 0,seller_fee_financing,no_financing_involvement,franchisor,none,"we, in our sole discretion may offer you financing in connection with the following financing program. || We may offer you financing for not more than 50% of your Initial Franchise Fee. || We do not assign or discount any Promissory Note to third-parties and we have no plans to do so.","We do not offer direct or indirect financing. || We do not guarantee your note, lease, or obligation."
S1520,Saladworks,2024,2025,1,0,-1,support → 0,passive_sba_directory_access,no_financing_involvement,third_party,none,"We do not offer direct or indirect financing, and we do not guarantee your note, lease or any of your obligations. || Saladworks is listed on the Small Business Administration’s Franchise Directory.","We do not offer direct or indirect financing, and we do not guarantee your note, lease or any of your obligations."
U_1513ec40,"Salty Dawg, LLC",2024,2025,1,0,-1,support → 0,lender_referral,no_financing_involvement,third_party,none,"We do not offer direct or indirect financing, nor do we guarantee your note, lease or obligations to third parties. || We may refer you to lenders or vendors that provide or assist you with financing that you may choose to work with at your option.","We do not offer direct or indirect financing, nor do we guarantee your note, lease or obligation."
S1524,Samurai Sam's Teriyaki Grill,2025,2026,3,4,1,other increase,lease_guarantee | franchisor_lease_payment_guarantee | seller_store_purchase_financing,affiliate_direct_loan | seller_store_purchase_financing | lease_guarantee,franchisor | affiliate,franchisor | affiliate,"we may finance up to 100% of the purchase price, at our sole discretion || The lender providing the financing is one of our affiliates, Kahala Holdings or Kahala Restaurants || If, in order to obtain the lease agreement for the site of your Samurai Sam’s restaurant, the landlord requires you to obtain a third party lease guarantee, and we or one of our affiliates agrees to serve as such guarantor || We or our affiliates may, in our sole discretion, lease the site approved by us for your Samurai Sam’s restaurant and sublease the site to you.","we or one of our affiliates may provide financing in connection with your purchase of a corporate-owned restaurant sold on an “as-is” basis, or in other limited, one-off circumstances || we may, in our sole discretion, provide a lease guarantee for an approved restaurant site. || The lender providing financing is one of our affiliates, Kahala Holdings or Kahala Restaurants, whichever entity owns the restaurant. || We do not intend to sell, assign or discount to a third party any financing arrangement."
U_67bdce5a,Sauce Pizza / Wine,2025,2026,0,3,3,0 → support,no_financing_involvement,seller_store_purchase_financing | lease_guarantee | discretionary_financial_assistance_instrument_unspecified,none,franchisor | affiliate,"We do not offer any direct or indirect financing or financing arrangement, nor will we guaranty your obligations under any note or other obligation. || We do not arrange financing from other sources; therefore, we do not receive direct or indirect payments from placing financing.","we or one of our affiliates may provide financing in connection with your purchase of a corporate-owned restaurant sold on an “as-is” basis, or in other limited, one-off circumstances || In addition, we may, in our sole discretion, provide a lease guarantee for an approved restaurant site. || If you finance any portion of the purchase price of the corporate-owned restaurant through one of our affiliates, you will also enter into a “Promissory Note and Security Agreement” and a Guaranty || We or our affiliates may, in our sole discretion, lease the site approved by us for your Sauce Pizza / Wine restaurant and sublease the site to you. || We do not intend to sell, assign or discount to a third party any financing arrangement."
S6616,Scoop Soldiers,2023,2024,0,2,2,0 → support,no_financing_involvement,initial_fee_installment | additional_territory_financing | lender_referral_compensation,none,franchisor | affiliate | third_party,"We do not offer direct or indirect financing. || We do not guarantee your note, lease or other obligation.","At this time, we and our affiliate, SSSC, LLC are the only potential lenders under the direct financing agreement. || We do not guarantee your note, lease or obligation. || We have the right to assign your Note to a third party. || Upon any sales or assignment, we will not remain primarily obligated to provide the financial goods or services."
S1533,Scooter's Coffee,2023,2024,4,0,-4,support → 0,direct_establishment_cost_loan | direct_loan,no_financing_involvement,franchisor,none,"we will loan you up to $125,000 under the terms of a secured promissory note || This loan may be used for construction of the Store, including building and site work, equipment, signage, and other expenses directly related to the construction and development of the Store. || We reserve the right to sell, assign or discount to a third party all or part of the Note","We do not offer direct or indirect financing. || We do not guarantee your note, lease or obligations."
U_880584d0,"Seal Team One Franchise Systems, LLC",2017,2018,2,0,-2,support → 0,initial_fee_installment | seller_fee_financing,no_financing_involvement,franchisor,none,"If you meet Franchisor’s credit standards, we may finance a portion of the initial franchise fee || If Franchisor offers financing it will be over a maximum term of 60 months at an APR of 7%, in a loan (the “Loan”) using a standard form promissory note (the “Note”) and security agreement || We may assign the Note to a third party lender who may be immune under the law to any defenses to payment you may have against Us || We currently do not plan to assign the Notes to third party lenders || The financing provided by Franchisor includes only the Initial Franchise Fee as descnbed in this Item 10 We do not provide financing or guarantee your lease or any other obligations","We do not offer direct or indirect financing. || We do not guarantee your notes, leases or other obligations."
S1541,Sears Appliance & Hardware Store,2013,2014,0,2,2,0 → support,no_financing_involvement,seller_store_purchase_financing,none,franchisor | affiliate,ITEM 10 FINANCING .34,"we will provide fmancmg for up to 80% of the asset purchase pnce of an Existing Business || Source of Financing: Us or our Affiliate || We do not intend to sell, assign, or discount to a third party all or part of the Loan Documents or financing arrangement"
S1555,Servpro,2024,2025,2,4,2,other increase,seller_fee_financing | seller_asset_credit,seller_fee_financing | seller_inventory_or_equipment_credit | direct_loan,franchisor,franchisor,"We may agree to finance a portion of Your acquisition of a Franchise from Us, subject to credit approval and meeting Our then-current financing criteria. || We may at Our discretion finance Your purchase of equipment or vehicles. || Any promissory note You sign may be assigned, pledged or sold to others.","We may agree to finance a portion of Your acquisition of a Franchise from Us, subject to credit approval and meeting Our then-current financing criteria. || We may at Our discretion finance Your purchase of equipment or vehicles. || If You are a new franchisee that purchases a vehicle from Us, You must sign a secured promissory note... || Any promissory note You sign may be assigned, pledged or sold to others. || We and Our affiliates do not receive any direct or indirect payments for placing financing or guarantee Your obligations to third parties."
S1555,Servpro,2025,2026,4,2,-2,other decrease,seller_fee_financing | seller_inventory_or_equipment_credit | direct_loan,seller_fee_financing | seller_asset_credit | discretionary_financial_assistance_instrument_unspecified,franchisor,franchisor,"We may agree to finance a portion of Your acquisition of a Franchise from Us, subject to credit approval and meeting Our then-current financing criteria. || We may at Our discretion finance Your purchase of equipment or vehicles. || If You are a new franchisee that purchases a vehicle from Us, You must sign a secured promissory note... || Any promissory note You sign may be assigned, pledged or sold to others. || We and Our affiliates do not receive any direct or indirect payments for placing financing or guarantee Your obligations to third parties.","We may agree to finance a portion of Your acquisition of a Franchise from Us, subject to credit approval and meeting Our then-current financing criteria. || You must sign a secured promissory note and security agreement containing a time-price differential at a percentage rate between 12% and 15% || We may at Our discretion finance Your purchase of equipment or vehicles. || Any promissory note You sign may be assigned, pledged or sold to others. || We and Our affiliates do not ... guarantee Your obligations to third parties."
S6807,Set the Stage,2024,2025,1,0,-1,support → 0,preferred_lender_referral,no_financing_involvement,third_party,none,"We currently do not offer direct or indirect financing || If requested, we can refer you to preferred institutions that can assist with financing options. || We do not guarantee any note, lease or other financial obligations you may incur || There are institutions that provide financing for franchisees with regards to fixtures, products, and supplies.","We do not offer direct or indirect financing. We do not guarantee your note, lease, or obligation."
S2478,Shack Shine Home Services,2022,2023,4,2,-2,other decrease,additional_territory_financing | lease_guarantee | affiliate_equipment_lease | third_party_lender_introduction,additional_territory_financing | third_party_vehicle_leasing | lender_referral,franchisor | affiliate | third_party,franchisor | affiliate | third_party,"finance the payment of their required franchise fees for an additional subterritory or subterritories || we or an affiliate may offer to guarantee your vehicle lease financing obligations || We or an affiliate may purchase equipment from unaffiliated suppliers || we may, in our discretion, introduce you to third party financing sources","Franchisees who purchase an initial Territory for their Franchised Business (without financing) will qualify for the Financing Program to enter into an agreement with us to finance the payment of their required franchise fees for an additional subterritory or subterritories, up to a total of $40,000. || We do not intend to sell, assign, or discount to a third party all or any part of this financing arrangement. || We do not guarantee any debts, leases or obligations for you. || Manchester Lease Services Inc. is a third-party not affiliated with the Franchisor or its Affiliate."
S2478,Shack Shine Home Services,2023,2024,2,1,-1,other decrease,additional_territory_financing | third_party_vehicle_leasing | lender_referral,third_party_vehicle_financing | lender_referral,franchisor | affiliate | third_party,third_party,"Franchisees who purchase an initial Territory for their Franchised Business (without financing) will qualify for the Financing Program to enter into an agreement with us to finance the payment of their required franchise fees for an additional subterritory or subterritories, up to a total of $40,000. || We do not intend to sell, assign, or discount to a third party all or any part of this financing arrangement. || We do not guarantee any debts, leases or obligations for you. || Manchester Lease Services Inc. is a third-party not affiliated with the Franchisor or its Affiliate.","Source of Financing *Manchester Lease Services Inc. || * Manchester Lease Services Inc. is a third-party not affiliated with the Franchisor or its Affiliate. || Neither we, nor any agent or affiliate, offers direct or indirect financing to you, other than described above. || We do not guarantee any debts, leases or other obligations for you. || While not obligated to do so, we may, in our discretion, introduce you to third party financing sources"
S8746,Shaghf Cafe - Unit Franchise,2025,2026,0,2,2,0 → support,no_financing_involvement,initial_fee_installment,none,franchisor,"Neither we, nor any of our Affiliates offer direct or indirect financing. || Neither we, nor any of our Affiliates guarantee your note, lease or obligation.","We will on occasion, to assist a new franchisee, permit up to three payments which include a larger down payment, and two consecutive monthly payments of equal amounts in order for the franchisee to pay the initial franchise fee. || We do not charge interest on this deferred payment arrangement and the initial fee will be the same as stated above in Item 5."
S1559,Sharkey's Cuts for Kids,2024,2025,2,0,-2,support → 0,initial_fee_installment | seller_fee_financing,no_financing_involvement,franchisor,none,"From time to time, we may offer financing for single or multi unit purchases for up to $72,000.00 for the Initial Franchise Fee, if we are offering financing at that time and you meet our qualifications. || You must sign a Promissory Note, Personal Guaranty, if applicable, and Security Agreement (See Attachment 4 of the Franchise Agreement). || We do not offer any other direct or indirect financing.","We do not offer direct or indirect financing. || We do not guarantee any note, lease, or obligation on your behalf."
S1566,Showhomes,2023,2024,2,0,-2,support → 0,initial_fee_deferral,no_financing_involvement,franchisor,none,"If you ask us, we will consider financing a portion of your Initial Franchise Fee. || You must also sign a promissory note for the deferred amount (the “Promissory Note”). || we may offer you short-term financing for a period of up to 120 days while your financing is pending. || Except for deferred payment of Initial Franchise Fee, neither we nor our affiliates offer, either directly or indirectly, any financing arrangements to you. || we reserve the right to pledge, sell or discount a franchisee’s Promissory Note.","We do not offer direct or indirect financing. We do not guarantee your note, lease or obligation, nor do we receive payment or other consideration for the placing of financing"
U_7da6c1fb,SIGN A RAMA INC,2025,2026,1,0,-1,support → 0,formal_third_party_financing_program | lender_referral_compensation,no_financing_involvement,third_party,none,"We offer indirect arrangements for financing of your equipment through business financing companies. || We do not guarantee your loan, lease, or any other obligation. || We have arranged for equipment financing through Navitas Credit Corporation (“Navitas”), an unrelated third party not affiliated with SAR in any manner. || If you are approved for a lesser amount, you will be required to pay the remaining balance of the complete equipment package, plus any applicable sales and use tax directly to us. || A new leasing or finance company may compensate SAR or pay SAR a fee for referring its franchisees to it for leasing or financing.","Neither we nor any agent or affiliate offers direct or indirect financing to you, guarantees any note, lease, or obligation of yours, or has any practice or intent to sell, assign, or discount to a third-party all or any part of any financing arrangement of yours."
S1570,Signarama,2025,2026,1,0,-1,support → 0,formal_third_party_financing_program | formal_third_party_financing_program | lender_referral_compensation,no_financing_involvement,third_party,none,"We have arranged for equipment financing through Navitas Credit Corporation (“Navitas”), an unrelated third party not affiliated with SAR in any manner. || We do not guarantee your loan, lease, or any other obligation. || SAR does not receive any consideration for placing financing with Navitas. SAR may identify new leasing or finance companies at any time and refer franchisees to different equipment leasing or financing companies. || A copy of the equipment financing agreement is included with this Disclosure Document as Exhibit C.","Neither we nor any agent or affiliate offers direct or indirect financing to you, guarantees any note, lease, or obligation of yours, or has any practice or intent to sell, assign, or discount to a third-party all or any part of any financing arrangement of yours."
S1573,Signs Now,2024,2025,0,2,2,0 → support,no_financing_involvement,initial_fee_deferral,none,franchisor,"Neither we nor any agent or affiliate offers direct or indirect financing to you, or guarantees any of your notes, leases or obligations.","You will sign our form promissory note (the “Note”) (attached to this Disclosure Document as Exhibit N) for the deferred Kickstart initial marketing deposit. || It is not our practice or intent to sell, assign or discount to a third party all or part of the Note, nor do we receive any consideration for placing the Note with a lender."
S3221,Silbar Security,2023,2024,0,2,2,0 → support,no_financing_involvement,initial_fee_installment,none,franchisor,"We do not offer direct or indirect financing. || We do not guarantee your note, lease or obligation.","We may offer financing for a portion of your Initial Franchise Fee if you meet our qualifications. || Source of Financing  Us || Amount Financed  50% (up to $25,000 financed) || Security Required  Personal Guaranty || We do not guarantee your notes, leases, or obligations."
S2273,Slater's 50,2016,2017,0,2,2,0 → support,no_financing_involvement,direct_loan | no_financing_involvement,none,franchisor | none,"We do not offer direct or indirect financing || We do not guarantee your note, lease or obligation","We may, but are not required to, finance a portion of the purchase price for an Affiliate-Owned Restaurant that the owner believes is appropriate under the circumstances if you purchase an Operating Restaurant from the affiliate-owner under our current Asset Purchase Agreement || You must sign a Secured Promissory Note (in a form substantially similar to the Secured Promissory Note attached as Exhibit B to the Asset Purchase Agreement) in our favor in the amount financed (the ""Purchase Note"") || With this exception, we do not offer direct or indirect financing. We will not guarantee your note, lease, or other obligation. We will not assign or discount our Purchase Notes to a third party."
S8101,Slick City,2024,2025,0,1,1,0 → support,no_financing_involvement,lender_referral,none,third_party,"We do not offer direct or indirect financing. || We do not guarantee your note, lease or obligations.","We do not guarantee any financing obligations or leases on your behalf. || We do not offer direct financing. || We do recommend two financing vendors as options for you: Benetrends Financial, and KLC Financial. || KLC Financial is a recommended service provider that offers financing for equipment and fixtures, including but not limited to slides, zip lines, air courts, toddler climbing structures, arcades, kitchen equipment, and signage."
S3588,Smash My Trash,2022,2023,4,0,-4,support → 0,affiliate_equipment_lease,no_financing_involvement,affiliate,none,"If we require, you must lease your Smash Truck(s) from our Affiliate, Rearden Taggart, LLC. || Our Affiliate can demand payment of all past due payments and future payments and remove the equipment. || Except as disclosed above, we do not offer direct or indirect financing. We do not guarantee your note, lease or obligations.","We do not offer direct or indirect financing. || We do not guarantee your note, lease or obligations."
S1594,Snapology,2021,2022,1,0,-1,support → 0,preferred_lender_referral,no_financing_involvement,third_party,none,"We and our affiliates do not offer direct or indirect financing, but we may develop relationships with preferred lenders or financing sources, which we may, when established, make available to you. || We and our affiliates will not guarantee your note or other obligations.","We do not offer direct or indirect financing. || We do not guarantee your note, lease, or obligation."
S8075,Soccer 5,2024,2025,0,3,3,0 → support,no_financing_involvement,lease_guarantee,none,franchisor,"We do not offer direct or indirect financing. || We do not guarantee any of your notes, leases or obligations. || We do not receive any direct or indirect payments or other consideration from any person for the placement of any financing with lender(s).","If you request, we may provide a lease guarantee for your Soccer 5® Business lease. || Other than the above, we do not guarantee any of your notes, leases or obligations."
S5517,Special Strong,2024,2025,0,2,2,0 → support,no_financing_involvement,initial_fee_installment | seller_fee_financing,none,franchisor,"We do not offer direct or indirect financing. || We do not guarantee your note, lease, or obligation.","From time to time, we may offer financing for single unit purchases for up to $35,000 for the Initial Franchise Fee || You must sign a Promissory Note (See Attachment G of the Franchise Agreement). || We do not offer any other direct or indirect financing."
S4649,Squeeze,2023,2024,1,0,-1,support → 0,lender_referral_compensation | preferred_lender_referral | preferred_lender_referral | lender_referral_compensation,no_financing_involvement,third_party,none,"We do not offer direct or indirect financing. || We do not guarantee your note, Lease, or obligations. || We may receive flat fee payments on a per transaction basis from one or more third party finance companies or lenders (each a ""Preferred Finance Company"") if you utilize a Preferred Finance Company to fund the purchase and development of your Squeeze Shop. || Franchisor does not have any relationship with any Preferred Finance Company other than the prospective payment of the flat fee referral fee described in this Item 10.","We do not offer direct or indirect financing. || We do not guarantee your note, lease, or obligations."
S3187,Stanley Steemer,2025,2026,2,4,2,other increase,promissory_note | initial_fee_deferral,initial_fee_installment | initial_fee_deferral | direct_loan | partial_loan_guarantee,franchisor,franchisor | third_party,"We offer two plans under which you may finance 100% of your initial franchise fee with us. || if you elect to finance your initial franchise fee, under Option A, you must sign a promissory note with us || if you elect to finance your initial franchise fee Option B, you will be required to pay a portion of the initial franchise fee when you sign the Franchise Agreement and payment of the remaining portion of the fee as well as imputed interest will be deferred. || Other than as disclosed above, we do not offer direct or indirect financing to you. We do not guarantee any loan or lease that you may obtain or any obligation that you may incur.","You may finance all or part of your initial franchise fee with us. || We may, in our discretion, extend credit to you through a separate Business Purpose Promissory Note for post-opening costs or other business purposes, such as additional equipment, vehicle acquisitions, or working capital. || We provide limited credit support under this program in the form of a net loss pool guarantee. || Although we have never done so, we have the right to assign the Note to a third party without your consent."
S2396,Steri-Clean,2022,2023,0,1,1,0 → support,no_financing_involvement,passive_sba_directory_access,none,third_party,"We do not offer you any direct or indirect financing options, nor do we guarantee your lease or other obligations.","We do not offer you any direct or indirect financing options, nor do we guarantee your lease or other obligations. || We are listed on the Franchise Registry of the Small Business Administration (“SBA”)."
S2396,Steri-Clean,2023,2024,1,0,-1,support → 0,passive_sba_directory_access,no_financing_involvement,third_party,none,"We do not offer you any direct or indirect financing options, nor do we guarantee your lease or other obligations. || We are listed on the Franchise Registry of the Small Business Administration (“SBA”).","We do not offer you any direct or indirect financing options, nor do we guarantee your lease or other obligations."
U_da456334,Stratus Building Solutions,2023,2024,2,0,-2,support → 0,initial_fee_installment,no_financing_involvement,franchisor,none,"SBS may, at its sole option, based on various objective and subjective analyses of your creditworthiness, finance up to 20% of the initial franchise fee. || If SBS elects this option, you will be required to sign a promissory note with you as maker... || Financing is offered only for the initial franchise fee and not for any other purpose. || Neither SBS nor any agent or affiliate has any practice of selling, assigning, or discounting to a third party... However, SBS reserves the right to do so in the future.","We do not offer direct or indirect financing. || We do not guarantee your note, lease or obligation."
U_da456334,Stratus Building Solutions,2024,2025,0,2,2,0 → support,no_financing_involvement,initial_fee_installment,none,franchisor,"We do not offer direct or indirect financing. || We do not guarantee your note, lease or obligation.","SBS may, at its sole option, ... work finance up to 20% of the initial franchise fee. || If SBS elects this option, you will be required to sign a promissory note with you as maker, substantially in the form attached to this Disclosure Document as Exhibit E. || Financing is offered only for the initial franchise fee and not for any other purpose."
S3245,Stretch Lab,2024,2025,1,0,-1,support → 0,formal_third_party_financing_program | lender_referral_compensation,no_financing_involvement,third_party,none,"We offer indirect financing through the third-party providers described below for certain amounts due under the Franchise Agreement. || We do not guarantee your note, lease or any other obligation. We do not offer direct financing and as such it is not our practice or intent to sell, assign, or discount any financing arrangement. || Amerifund pays us a $500 rebate per deal they finance.","We do not offer direct or indirect financing. || We do not guarantee your note, lease or obligation. || While we do not offer direct or indirect financing, certain third-party lenders, such as Amerifund and Navitas, have sponsored our convention in the past and may do so in the future, but we are unaware of the terms of any financing you may, if at all, obtain from these or other lenders."
S4209,Success On The Spectrum,2023,2024,0,1,1,0 → support,no_financing_involvement,no_financing_involvement | third_party_financing_arrangement_assistance,none,none | third_party,"Neither we, nor our affiliate currently offers, directly or indirectly, any financing arrangements to you. || Neither do we guarantee your note, lease, or any other obligation.","We do not offer direct or indirect financing. || We do not guarantee your note, lease or other obligation. || We may assist franchisees in obtaining financing in the future or make other financing arrangements available to you."
S4209,Success On The Spectrum,2025,2026,1,0,-1,support → 0,third_party_financing_arrangement_assistance,no_financing_involvement,third_party,none,"We do not offer direct or indirect financing. We do not guarantee your note, lease or other obligation. We may assist franchisees in obtaining financing from third party banks and financial institutions.","We do not offer direct or indirect financing. || We do not guarantee your note, lease or other obligation."
S7115,Suki Hana Japan,2023,2024,3,0,-3,support → 0,lease_guarantee,no_financing_involvement,franchisor | affiliate,none,"We or a related company may lease the restaurant premises and then assign the lease to you or sublease the restaurant premises to you. || We do not guarantee your note, lease or obligation, but we or a related company may lease the restaurant premises and then assign the lease to you or sublease the restaurant premises to you.","We do not offer financing directly or indirectly for any part of your initial investment. || We do not guarantee your note, lease or obligation"
S7115,Suki Hana Japan,2024,2025,0,3,3,0 → support,no_financing_involvement,franchisor_lease_payment_guarantee,none,franchisor | affiliate,"We do not offer financing directly or indirectly for any part of your initial investment. || We do not guarantee your note, lease or obligation","We do not offer financing directly or indirectly for any part of your initial investment. || We or a related company may lease the restaurant premises and then assign the lease to you or sublease the restaurant premises to you. || We do not guarantee your note, lease or obligation, but we or a related company may lease the restaurant premises and then assign the lease to you or sublease the restaurant premises to you."
S5647,SuperGlass Windshield Repair,2022,2023,2,0,-2,support → 0,initial_fee_installment | seller_inventory_or_equipment_credit,no_financing_involvement,franchisor,none,"We may elect to provide you with limited financing of all or a part of the Initial Franchise Fee and the Initial Equipment, Supplies and Inventory Package. || We are the sole lender; || During the term of financing, we reserve the right to sell, assign or discount in whole or in part any note, contract or any other written instrument evidencing the debt.","We do not offer direct or indirect financing. || We do not guarantee any notes, lease, or obligation."
S1658,Sylvan Learning,2024,2025,0,1,1,0 → support,no_financing_involvement,preferred_lender_referral,none,third_party,"Sylvan does not offer any direct or indirect financing. Sylvan does not guarantee any note, lease, or other obligation. We do not have agreements to refer you to third parties for financing. You may, however, obtain financing for your equipment purchases and purchases of educational materials from third parties.","We do not offer direct or indirect financing, but we may develop relationships with preferred lenders or financing sources, which we may, when established, make available to you. || We do not guarantee your note, lease, or other obligations."
U_277b80ab,Taco Bell Express Franchise Program,2023,2024,1,4,3,other increase,lender_referral,franchisor_real_estate_sublease | partial_loan_guarantee | lender_referral,third_party,franchisor | affiliate | third_party,"We may attempt periodically to identify lenders willing to extend financing to you. || We do not offer, directly or indirectly, any arrangements for financing your initial investment or the continuing operation of your Taco Bell business.","we may either lease or sublease the land and building to you under a triple net lease in the form then currently being used by us. || YUM may, but is not obligated to, provide credit support in the form of limited guaranties, typically in the form attached as Exhibit N. || YUM will guaranty for the benefit of Lender up to 33% of the original principal or commitment amount of your franchised business loan (up to a maximum guaranty amount of $5,000,000). || We will refer licensee candidates to Lender in our sole discretion and Lender will in good faith independently evaluate such candidates for one or more available credit products based on Lender’s then-prevailing underwriting guidelines."
U_914610f6,Taco Bell; Taco Bell Express - Traditional,2022,2023,4,3,-1,other decrease,third_party_lender_introduction | franchisor_or_affiliate_real_estate_lease | partial_loan_guarantee,lender_referral | formal_third_party_financing_program | partial_loan_guarantee | lender_referral | formal_third_party_financing_program | partial_loan_guarantee | seller_asset_credit,franchisor | affiliate | third_party,affiliate | third_party | franchisor | affiliate | third_party,"We may attempt periodically to identify lenders willing to extend financing to you. || If you purchase an existing restaurant from us or one of our affiliates, we may either lease or sublease the land and building to you under a triple net lease in the form then currently being used by us. || YUM's lending assistance will take the form of YUM guaranteeing 25% of the principal of your franchised business loan, up to a maximum of $3,000,000 per loan or franchisee. || TBC sold the promissory notes of franchisees and assigned its right to receive rents under leases with franchisees to third parties. We may continue this practice if we deem it to be in our best interest.","Yum may, but is not obligated to, provide credit support in the form of limited guaranties || Yum will guaranty for the benefit of Lender up to 33% of the original principal or commitment amount of your franchised business loan || we may either lease or sublease the land and building to you under a triple net lease || TBC sold the promissory notes of franchisees and assigned its right to receive rents under leases with franchisees to third parties"
U_914610f6,Taco Bell; Taco Bell Express - Traditional,2023,2024,3,4,1,other increase,lender_referral | formal_third_party_financing_program | partial_loan_guarantee | lender_referral | formal_third_party_financing_program | partial_loan_guarantee | seller_asset_credit,lender_referral | partial_loan_guarantee | real_estate_sublease,affiliate | third_party | franchisor | affiliate | third_party,franchisor | affiliate | third_party,"Yum may, but is not obligated to, provide credit support in the form of limited guaranties || Yum will guaranty for the benefit of Lender up to 33% of the original principal or commitment amount of your franchised business loan || we may either lease or sublease the land and building to you under a triple net lease || TBC sold the promissory notes of franchisees and assigned its right to receive rents under leases with franchisees to third parties","If you purchase an existing restaurant from us or one of our affiliates, we may either lease or sublease the land and building to you under a triple net lease || YUM may, but is not obligated to, provide credit support in the form of limited guaranties, typically in the form attached as Exhibit N. || YUM will guaranty for the benefit of Lender up to 33% of the original principal or commitment amount of your franchised business loan (up to a maximum guaranty amount of $5,000,000). || We will refer franchisee candidates to Lender in our sole discretion and Lender will in good faith independently evaluate such candidates || in the past, TBC sold the promissory notes of franchisees and assigned its right to receive rents under leases with franchisees to third parties."
U_14f1c789,Taco Rico or Taco Works,2025,2026,2,0,-2,support → 0,initial_fee_deferral | lender_referral,no_financing_involvement,franchisor | third_party,none,"Taco Rico Franchise Corporation does not offer direct or indirect financing, other than the delayed payment of half of the Initial Franchise Fee if you sign a Multi-Unit Agreement. || We do not intend to sell or assign the deferred fee obligation to any third party. || Taco Rico Franchise Corporation does not guarantee your note, lease or other obligations. || We may assist you in locating a financial institution that specializes in restaurant financing.","We do not offer direct or indirect financing. || We do not guarantee your note, lease or obligations."
S1724,Teriyaki Madness,2022,2023,0,1,1,0 → support,no_financing_involvement,passive_sba_directory_access,none,third_party,"We do not offer direct or indirect financing. || We do not guarantee your notes, leases or any other obligations.","We do not offer direct or indirect financing. We do not guarantee your notes, leases, or any other obligations. || However, franchisees of the Teriyaki Madness Businesses are eligible for expedited and streamlined SBA loan processing through the SBA’s Franchise Registry, www.franchiseregistry.com."
S1724,Teriyaki Madness,2024,2025,1,0,-1,support → 0,passive_sba_directory_access,no_financing_involvement,third_party,none,"We do not offer direct or indirect financing. We do not guarantee your notes, leases, or any other obligations. || However, franchisees of the Teriyaki Madness Businesses are eligible for expedited and streamlined SBA loan processing through the SBA’s Franchise Registry, www.franchiseregistry.com.","We do not offer direct or indirect financing. We do not guarantee your notes, leases, or any other obligations."
U_64efd9bc,"TGA Franchise Systems, LLC",2022,2023,2,0,-2,support → 0,initial_fee_installment,no_financing_involvement,franchisor,none,"option to finance up to fifty percent (50%) of the initial franchise fee || You will sign a promissory note (“Note” attached as Exhibit 10 to the Franchise Agreement), that will be financed over 14 months with interest at 15% simple interest. || Neither we nor our Affiliates guaranty or otherwise support any loan, note, lease or other third-party obligations.","We do not offer direct or indirect financing. || We do not guarantee any note(s), lease(s), or other obligation(s)."
U_89fb24d8,"The Decor Group, Inc",2014,2015,0,2,2,0 → support,no_financing_involvement,initial_fee_installment,none,franchisor,"We do not offer direct or indirect financing, and we do not guarantee your notes, leases or other obligations","we do not offer direct or indirect financing, and we do not guarantee your notes, leases or other obligations || we may, in our sole discretion, make limited financing available for a portion of the initial franchise fee || The amount financed will be the lesser of 50% of the territory fee or $7,500 || We may assign the note to a third party."
S1759,The Groutsmith,2024,2025,1,0,-1,support → 0,third_party_financing_arrangement_assistance,no_financing_involvement,third_party,none,"We do not offer direct financing. || We do not guarantee any of your notes, leases or other obligations. || We do offer you financing sources.","We do not offer direct financing. || We do not guarantee any of your notes, leases or other obligations."
S1763,The Human Bean,2025,2026,0,1,1,0 → support,no_financing_involvement,lender_referral,none,third_party,"We do not offer direct or indirect financing. || We do not guarantee your note, lease or obligation.","We may refer you to leasing or financing companies not affiliated with us. || We do not offer direct or indirect financing. We do not guarantee your note, lease or obligation. || We and our affiliates receive no fees or other financial benefits from any lender for your financing."
U_7cc4c38c,"The Melting Pot Restaurants, Inc",2014,2015,0,4,4,0 → support,formal_third_party_financing_program | no_financing_involvement,direct_loan | direct_loan | development_incentive_or_key_money | direct_loan | franchisor_capital_contribution | formal_third_party_financing_program,none | third_party,franchisor | franchisor | third_party,"Neither we nor any agent or affiliate offers direct or indirect financing to you, guarantees any note, lease or obligation of yours, has any practice or intent to sell, assign oi discount to a third party all or part of any financing arrangement of yours, or receives any diiect or indirect payments or other consideration from any person for the placement of financing with the lender || We participate in the IFA's VetFran and DiversityFran piograms, which provide financial incentives to qualified veterans and minorities to help them acquire franchised businesses","we make a capital contribution of between 15 and 25% of the purchase price, and (iii) we loan NewCo the balance of the purchase price || NewCo enters into a promissory note in which it agrees to repay our loan, together with interest on the unpaid principal at the rate of 5.5% per annum, in 36 equal monthly installments || We have no practice or intent to sell, assign or discount to a third party all or part of the PGP financing arrangement."
S1781,The Salon Professional Academy,2022,2023,1,0,-1,support → 0,passive_sba_directory_access,no_financing_involvement,third_party,none,"We do not offer direct or indirect financing. || We do not guarantee your note, lease, or other obligations. || Franchisees are eligible for expedited and streamlined SBA loan processing through the SBA’s Franchise Registry Program, www.franchiseregistry.com.","We do not offer direct or indirect financing. || We do not guarantee your note, lease, or other obligations."
S8384,The Tailored Closet,2022,2023,0,2,2,0 → support,no_financing_involvement,seller_fee_financing,none,franchisor,"We do not offer direct or indirect financing. || We do not guarantee your loans, notes, lease, or other obligations.","If you meet our credit standards, we will, at your request, provide financing as shown below. || Initial Franchise Fee and Part of Territory Fee ... $44,000 ... Secured Promissory Note and General Security Agreement. || Although we have never done so, we have a right to sell your promissory note at a discount rate to a third party ... We do not guarantee any notes, leases, or obligations."
S8273,THE TOX,2025,2026,0,1,1,0 → support,no_financing_involvement,lender_referral,none,third_party,"We do not offer direct or indirect financing. || We do not guarantee any note, lease, or obligation on your behalf.","We do not offer direct or indirect financing for any part of the initial franchise fee, development fee, equipment, inventory, leasehold improvements, or any other costs required to establish or operate your Franchised Business. || We do not guarantee your note, lease, or obligation. || We may, from time to time, provide information regarding potential lenders familiar with our franchise system, but we do not endorse, guarantee, or make any representations regarding any lender or financing program."
S2809,The Unbound Collection by Hyatt,2022,2023,0,4,4,0 → support,no_financing_involvement,direct_establishment_cost_loan,none,franchisor,"Neither we nor our affiliates offer direct or indirect financing. Neither we nor our affiliates guarantee your note, lease or obligation.","However, in some cases we periodically may offer financial assistance to franchisees developing new Brand Hotels or converting existing hotels from other brands to the Hotel System. || The terms of any financial assistance, including amount, interest rate, and repayment terms, will vary widely and depend on our agreement with the franchisee and its particular circumstances."
S1788,The UPS Store (Non-Traditional),2024,2025,4,0,-4,support → 0,affiliate_equipment_lease | direct_loan | seller_fee_financing | affiliate_equipment_lease | direct_loan | seller_fee_installment | franchisor_equipment_lease | direct_loan | seller_fee_financing,no_financing_involvement,franchisor,none,"we may offer you financing for your initial equipment for up to $75,000 of the initial costs of equipment and fixtures financed through an equipment lease with us. || we may offer Multiple Center Owners loans in amounts up to 100% of the purchase price of additional existing Centers (up to $200,000), or up to 100% of the cost to build out additional Centers (up to $200,000) || we may offer Laser Lite remodel loans, under which we will loan up to $125,000 to qualifying franchisees to remodel their Centers || we may finance the Renewal Fee ($7,487.50) you must pay us if you renew your franchise rights || We do not have any past or present practice or intent to transfer, assign, discount, or sell to a third party, in whole or in part, any note, contract, or other instrument signed by any franchisee, but we reserve the right to do so in the future.","We do not offer direct or indirect financing and do not guarantee your note, lease, or obligation."
U_cdf66af2,The Vitamin Shoppe,2022,2023,3,0,-3,support → 0,partial_loan_guarantee,no_financing_involvement,third_party | franchisor,none,"CNOB offers financing for your equipment, fixtures, furniture, computers, inventory and signs. || We will guarantee up to an aggregate of $500,000 of all debt financed by CNOB through this financing program. || Except as noted above, we do not offer direct or indirect financing or guarantee your obligations to third parties.","We do not offer direct or indirect financing. || We will not guarantee your note, lease or other obligations."
S2297,Tommy's Express,2016,2017,4,0,-4,support → 0,franchisor_land_lease | no_financing_involvement,no_financing_involvement,franchisor | none,none,"We may offer the option for us to buy and lease to you the land on which your Tommy’s Business will operate || We do not offer direct or indirect financing || We do not guarantee your note, lease or any other obligation","We do not ot'fer-direct, directly or indirect indirectly, any Financingr arrangements to you. || We do not guarantee your note, ieaseleases or any other obligation."
S7841,TourScale,2024,2025,4,0,-4,support → 0,affiliate_equipment_lease,no_financing_involvement,affiliate,none,"We currently offer, or in some instances require, you to lease Trolley Pub vehicles or Paddle Pub vessels from our affiliate TourScale Leasing. || If we require you to lease Primary Assets from us or TourScale Leasing, or in the event you choose this option, you will pay TourScale Leasing a lease payment equal to 2% of the total cost of the Primary Assets per month, plus a 2% annual escalator || We do not intend to sell, assign, or discount to a third party all or part of the financing arrangement.","We and our affiliates do not offer direct or indirect financing, and do not guarantee any note, lease or obligation you incur to purchase any Primary Asset required for your TourScale Business."
U_cfc7685a,Tuffy,2022,2023,2,1,-1,other decrease,seller_store_purchase_financing | financing_application_assistance,third_party_financing_arrangement_assistance,franchisor | affiliate | third_party,third_party,"we or an affiliate may sell the assets of company-owned units to franchisees on an installment basis. || we or our affiliate may finance up to 90% of the purchase price for the assets. || If requested, we may assist you in obtaining financing. || We do not have a present practice or intent to sell, assign, or discount notes to a third party.","If requested, we may assist you in obtaining financing."
S7763,Tumble Fresh Coin Laundry,2025,2026,1,0,-1,support → 0,lender_referral_compensation,no_financing_involvement,third_party,none,"Except as disclosed below, we do not offer direct or indirect financing. We do not guarantee your note, lease or obligations. || We have a relationship with Alerus Financial, N.A. who will provide SBA financing to our franchisees who qualify for this financing with Alerus. || Alerus will pay us as a referral fee .5% of the total loan amount of a franchisee we refer to Alerus who obtains financing from Alerus.","We do not offer direct or indirect financing. || We do not guarantee your note, lease or obligations."
U_1cc76588,Tumbles,2023,2024,1,0,-1,support → 0,third_party_financing_arrangement_assistance,no_financing_involvement,third_party,none,"We do not offer direct or indirect financing, but we will provide financial information directly to third party lenders. || We do not guarantee your lease or other obligations.","We do not offer direct or indirect financing. || We do not guarantee your note, lease or obligations."
S5284,U Got Stink?,2014,2015,0,2,2,0 → support,no_financing_involvement,cross_item_installment_reference,none,franchisor,"We do not offer direct or indirect financing. || We do not guarantee your note, lease or obligation.","Except for installment payments described in Item 5, we do not offer direct or indirect financing. We do not guarantee your note, lease or obligation."
S1825,U.S. Lawns,2024,2025,2,0,-2,support → 0,initial_fee_installment | seller_fee_financing,no_financing_involvement,franchisor,none,"With your approved credit, we may finance up to 70% of the Initial Franchise Fee for a Standard Franchise or up to 80% of the fee for a Conversion Franchise or a Veterans Initiative Franchise. || You are required to execute a Business Note and Security Agreement substantially in the form of Schedule C of the Franchise Agreement (“Business Note”) in our favor. || We may discount the Business Note to a third party who may be immune under the law to any defenses to payment you may have against us. || We presently do not guarantee any notes, leases or other obligations of our franchisees.","We do not offer direct or indirect financing. || We do not guarantee your note, lease or other obligation."
S2496,UBreakIFix by Asurion,2023,2024,4,0,-4,support → 0,franchisor_sublease_of_store_premises | lease_guarantee | sublease_of_store_premises | third_party_vehicle_financing | lease_guarantee,no_financing_involvement,franchisor | affiliate | third_party,none,"In certain instances, we or our affiliate may enter into subleases for store sites in certain geographical markets and may offer one or more of those sites to you, in which case you must sign a sublease on terms negotiated by us or our affiliate || A condition to entering into the Lease, Lessor has required us and uBreakiFix Holdings Co to guarantee your payment and performance of the Lease, and Asurion to guarantee uBreakiFix Holdings Co’s payment under the Lease.","We do not offer direct or indirect financing and we do not guarantee your note, lease or obligation."
S1844,"Unishippers Global Logistics, LLC",2024,2025,4,3,-1,other decrease,seller_fee_financing | direct_loan | supplier_account_guarantee,initial_fee_deferral | supplier_account_guarantee,franchisor,franchisor,"Currently we offer financing for the Initial Franchise Fee for a new Franchise, if you meet our requirements. || Currently we offer financing for start-up funding for a new Franchise if you meet our requirements. || If we finance any part of your start-up funding, you must sign a promissory note at the time we loan the funds to you. || Other than certain Carrier Contracts, we do not guarantee any notes, leases, or obligations. || Although we currently have no plans to do so, we may sell, assign, or discount any promissory note or other obligation arising out of the franchise agreement to a 3rd party.","we offer financing of the Initial Franchise Fee for a new Franchise || we may finance up to 100% of the Initial Franchise Fee for a period of 60 months || Other than certain Carrier Contracts, we do not guarantee any notes, leases, or obligations. || we may sell, assign, or discount any promissory note or other obligation arising out of the franchise agreement to a 3rd party"
S1844,"Unishippers Global Logistics, LLC",2025,2026,3,2,-1,other decrease,initial_fee_deferral | supplier_account_guarantee,initial_fee_installment,franchisor,franchisor,"we offer financing of the Initial Franchise Fee for a new Franchise || we may finance up to 100% of the Initial Franchise Fee for a period of 60 months || Other than certain Carrier Contracts, we do not guarantee any notes, leases, or obligations. || we may sell, assign, or discount any promissory note or other obligation arising out of the franchise agreement to a 3rd party","we offer financing of the Initial Franchise Fee for a new Franchise || we may sell, assign, or discount any promissory note or other obligation arising out of the franchise agreement to a 3rd party"
U_94750c63,VANGUARD CLEANING SYSTEMS AND VANGUARD,2024,2025,0,2,2,0 → support,no_financing_involvement,seller_fee_financing | seller_inventory_or_equipment_credit,none,franchisor,"We do not offer direct or indirect financing. || We do not guarantee your note, lease or obligation.","we offer financing of $7,000 of the Business Plan Fee || we may, but are not obligated to, offer you the option to finance that purchase from us under the form of Purchase Agreement and the related promissory note || we may offer, in our sole discretion, to finance a portion of the marketing fee || Except for the financing described above, we do not offer direct or indirect financing. || We have no practice or present intent to assign or discount to a third party any debt you owe, but can do so."
S6791,Veronica’s Insurance,2022,2023,2,0,-2,support → 0,initial_fee_installment | third_party_financing_arrangement_assistance,no_financing_involvement,franchisor | affiliate | third_party,none,"We may offer direct financing, but neither we nor our affiliates are obligated to provide any funding to you. || if we agree to offer you direct financing on your Initial Franchise Fee. || Withheld from remittance payment monthly for 12 months || We may in the future also provide indirect financing through third parties and receive referral fees from these third party providers. || We do not guarantee your note, lease or obligation. || Upon any sales or assignment, we will not remain primarily obligated to provide the financial goods or services.","We do not offer direct or indirect financing. || We do not guarantee your note, lease, or other obligation."
U_833da188,VI,2025,2026,0,3,3,0 → support,no_financing_involvement,seller_store_purchase_financing | lease_guarantee | discretionary_financial_assistance_instrument_unspecified,none,franchisor | affiliate,"We do not typically offer direct or indirect financing. || We do not typically guarantee your note, lease or other obligation.","we or one of our affiliates may provide financing in connection with your purchase of a corporate-owned restaurant sold on an “as-is” basis, or in other limited, one-off circumstances. || we may in our sole discretion, provide a lease guarantee for an approved restaurant site. || We or our affiliates may, in our sole discretion, lease the site approved by us for your Village Inn restaurant and sublease the site to you. || We do not intend to sell, assign or discount to a third party any financing arrangement."
S1869,Village Inn,2025,2026,0,3,3,0 → support,no_financing_involvement,seller_store_purchase_financing | lease_guarantee | discretionary_financial_assistance_instrument_unspecified,none,franchisor | affiliate,"We do not typically offer direct or indirect financing. || We do not typically guarantee your note, lease or other obligation.","we or one of our affiliates may provide financing in connection with your purchase of a corporate-owned restaurant sold on an “as-is” basis, or in other limited, one-off circumstances. || we may in our sole discretion, provide a lease guarantee for an approved restaurant site. || We or our affiliates may, in our sole discretion, lease the site approved by us for your Village Inn restaurant and sublease the site to you. || We do not intend to sell, assign or discount to a third party any financing arrangement."
S2420,Vision Source,2017,2018,1,0,-1,support → 0,third_party_financing_arrangement_assistance,no_financing_involvement,third_party,none,"We do not offer direct or indirect financing. We do not guarantee your note, lease or any other financing obligations. || In order to facilitate your efforts to obtain financing, we will agree to subordinate our security interest to the security interest of another lender, but only under certain conditions.","We do not offer direct or indirect financing. || We do not guaranty your note, lease or obligation."
S8133,Water Wings Swim School,2025,2026,1,0,-1,support → 0,preferred_lender_referral,no_financing_involvement,third_party,none,"We do not offer direct or indirect financing, but we may develop relationships with preferred lenders or financing sources, which we may, when established, make available to you. We do not guarantee your note, lease, or other obligations.","We do not offer direct or indirect financing. || We do not guarantee your note, lease, or other obligation."
S6305,WaterWalk,2023,2024,0,4,4,0 → support,no_financing_involvement,initial_fee_deferral | development_incentive_or_forgivable_loan,none,franchisor,"Neither WWFS, nor its affiliates, offer direct or indirect financing. || Neither WWFS, nor its affiliates, guarantee your notes, lease or obligations.","We may defer payment of the Initial Fee, if business circumstances warrant, in our sole discretion. || The Development Incentive is a loan that is not subject to repayment unless the franchise terminates before the end of the term of the Franchise Agreement for the Facility, or a Transfer occurs. || Subsequently, at each anniversary of the Facility’s Opening Date, 1/20th of the Development Incentive is forgiven without payment || We have no practice or intent to sell, assign or discount to a third party all or part of any financing arrangement above."
S1905,Waxing the City,2021,2022,4,3,-1,other decrease,third_party_equipment_leasing | third_party_financing_arrangement_assistance | lease_guarantee | lender_referral_compensation | direct_establishment_cost_loan,third_party_equipment_leasing | lender_referral_compensation | lease_guarantee,franchisor | third_party,franchisor | third_party,"we agreed to establish a pool to compensate Geneva for certain amounts of the losses it incurs, and to guaranty payment of certain amounts of those losses. || At our discretion, we occasionally offer a bridge financing program to qualifying new franchisees to pay a part of the tenant improvement costs that will ultimately be expected to be reimbursed by the landlord. || We and our affiliates have the right to sell, assign or discount to a third party all or part of any amounts you may owe to us or to our affiliates.","we do have arrangements with a number of third-party equipment lenders who provide financing to our franchisees. || we agreed to assume certain obligations if you default under your lease, including an obligation to assist Geneva in remarketing your equipment. Under that agreement, we also agreed to establish a pool to compensate Geneva for certain amounts of the losses it incurs, and to guaranty payment of certain amounts of those losses. || This agreement also provides for the payment of 1.5% of the lease amount to us as a referral fee and 1.5% of the lease amount added to the guaranty pool. || we are paid $1,000 as a referral fee for each client that engages in their retirement rollover program."
S1907,We Insure,2023,2024,2,4,2,other increase,initial_fee_installment | discretionary_financial_assistance_instrument_unspecified,initial_fee_installment | affiliate_direct_loan | discretionary_financial_assistance_instrument_unspecified,franchisor | affiliate,franchisor | affiliate,"We or our affiliates may offer to non-Launch franchisees, in our sole discretion but without any obligation, the option to finance some or all of the Initial Franchise Fee. || execute and deliver to us or our affiliate a promissory note || Other than financing a portion of the Initial Franchise Fee as described above, we may arrange financing indirectly with an affiliate for Agency operational purposes. || We do not sell, assign or discount to any third-party any financing offered under the Note or any other Franchisor offered financing.","We or our affiliates may offer ... the option to finance some or all of the Initial Franchise Fee. || Focus Finance, our affiliate, may ... offer growth capital financing ... to certain qualified franchisees in good standing during the term of the franchise agreement. || we may arrange financing indirectly with an affiliate for Agency operational purposes."
S1907,We Insure,2024,2025,4,2,-2,other decrease,initial_fee_installment | affiliate_direct_loan | discretionary_financial_assistance_instrument_unspecified,initial_fee_deferral | third_party_financing_arrangement_assistance | seller_fee_financing | discretionary_financial_assistance_instrument_unspecified,franchisor | affiliate,franchisor | affiliate | franchisor | affiliate | third_party,"We or our affiliates may offer ... the option to finance some or all of the Initial Franchise Fee. || Focus Finance, our affiliate, may ... offer growth capital financing ... to certain qualified franchisees in good standing during the term of the franchise agreement. || we may arrange financing indirectly with an affiliate for Agency operational purposes.","We may offer, in our sole discretion but without any obligation, the option to finance some or all of the Initial Franchise Fee. || execute and deliver to us or our affiliate a promissory note (the “Note”) || Other than financing a portion of the Initial Franchise Fee we may arrange financing indirectly for Agency operational purposes. || We do not currently sell, assign or discount to any third-party any financing offered by us or our affiliates; although, we reserve the right to do so in the future."
S1916,Wetzel's Pretzels,2025,2026,0,3,3,0 → support,no_financing_involvement,seller_store_purchase_financing | lease_guarantee,none,franchisor | affiliate,"We do not offer direct or indirect financing. || We will not guarantee your note, lease, or obligation.","we may, in our sole discretion, provide a lease guarantee for an approved bakery site. || we may finance up to 100% of the purchase price, at our sole discretion. || The lender providing the financing is Wetzel’s Pretzels or one of our affiliates, whichever entity owns the bakery. || We do not intend to sell, assign or discount to a third party any financing arrangement."
U_2127e0d8,Whole PM (SU),2025,2026,0,2,2,0 → support,no_financing_involvement,seller_fee_financing,none,franchisor,"We do not offer direct or indirect financing. || We do not guarantee your note, lease or obligation.","We may offer financing for your Initial Franchise Fee if you meet our qualifications. || Source of Financing Us || We may sell, assign, or discount any note, contract or other instrument signed by you to any affiliate or third party who may be immune under the law to claims or defenses you may have against us."
U_54975b20,Whole Property Management (Unit),2025,2026,0,2,2,0 → support,no_financing_involvement,seller_fee_financing,none,franchisor,"We do not offer direct or indirect financing. || We do not guarantee your note, lease or obligation.","We may offer financing for your Initial Franchise Fee if you meet our qualifications. || Source of Financing Us || We may sell, assign, or discount any note, contract or other instrument signed by you to any affiliate or third party who may be immune under the law to claims or defenses you may have against us."
S1922,"Wienerschnitzel Full, Wienerschnitzel Business & Facility, Wienerschnitzel Limited Franchises",2024,2025,2,3,1,other increase,seller_store_purchase_financing | seller_fee_financing,loan_guarantee,franchisor | affiliate,third_party | franchisor,"Financing listed in this table is provided by us or our affiliate. || We will comply with applicable laws governing direct financing offered by us to you including, if applicable, the California Finance Lender’s Law. || We do not have a practice or intent to sell, assign or discount all or part of any financing to any third party. || We do not place financing with a lender or receive consideration for doing so.","If your loan application is approved and funded by the third-party lender, we guarantee the loan and, in exchange, we receive a fee from the third-party lender || If you default on the loan, we may be responsible for payment of the loan. || we guarantee up to one million dollars of financing in the aggregate"
S5125,Winzer Franchise Company,2017,2018,4,0,-4,support → 0,affiliate_equipment_lease,no_financing_involvement,affiliate,none,"At your option, arid/or ot the option of our parent, WC, WCmay sublease on order entry computer to you under its standard Computer Lease Agreement (Exhibit G) || We have no practice or present intent -to sell, assign Or trctnsfer any obmpHter sublease agreement.","We do not offer direct or indirect financing. || We do not guarantee your note, lease or obligation."
U_32c01037,Wize Computing Academy,2025,2026,0,2,2,0 → support,no_financing_involvement,seller_fee_financing,none,franchisor,"We do not offer direct or indirect financing. || We do not guarantee your note, lease, or obligation.","We do not offer direct or indirect financing to new franchisees. || if we agree to finance a portion of the Initial Franchise Fee for the additional franchises, we will prepare an addendum to your Franchise Agreement that will include the payment terms that you and we negotiate. || We do not have any practice or intent to sell, assign, or discount any such addendum to a third party."
S1945,Woodcraft,2023,2024,1,0,-1,support → 0,third_party_financing_arrangement_assistance,no_financing_involvement,third_party,none,"We do not offer direct or indirect financing. || We do not guarantee your note, lease or obligation. || We may, however, assist you in obtaining financing.","We do not offer direct or indirect financing to franchisees. || We will not guarantee your note, lease, or other obligation."
S2830,World Options,2023,2024,1,0,-1,support → 0,third_party_financing_arrangement_assistance,no_financing_involvement,third_party,none,"We do not offer direct or indirect financing, nor do we guarantee your note, lease or any other obligation. || We may be able to suggest some financing sources for funding that understand the financing needs for a Franchised Business","We do not offer direct or indirect financing. || We do not guarantee your note, lease, or any other obligation."
S1951,Wow 1 Day Painting,2023,2024,2,1,-1,other decrease,additional_territory_financing,third_party_lender_introduction,franchisor,third_party,"finance the payment of their required franchise fees for an additional subterritory or subterritories, up to a total of $40,000 || We do not intend to sell, assign, or discount to a third party all or any part of this financing arrangement.","Neither we, nor any agent or affiliate, offers direct or indirect financing to you. || We do not guarantee any debts, leases or other obligations for you. || we may, in our discretion, introduce you to third party financing sources"
U_faa152d8,XP League,2022,2023,1,0,-1,support → 0,preferred_lender_referral,no_financing_involvement,third_party,none,"We do not offer direct or indirect financing, but we may develop relationships with preferred lenders or financing sources, which we may, when established, make available to you. || We do not guarantee your note, lease, or other obligations.","We do not offer direct or indirect financing. || We do not guarantee your note, lease, or other obligations."
S7389,Yeung's Lotus Express,2023,2024,3,4,1,other increase,franchisor_lease_payment_guarantee,franchisor_lease_payment_guarantee,franchisor | affiliate,franchisor | affiliate,"We do not offer financing directly or indirectly for any part of the initial investment. || We or a related company may lease the restaurant premises and then assign the lease to you or sublease the restaurant premises to you. || The rent owed under the sublease is the same rent that we or an affiliate pay under the lease with owner of the shopping center. || We do not guarantee your note, lease or obligation, but we or a related company may lease the restaurant premises and then assign the lease to you or sublease the restaurant premises to you.","We or a related company may lease the restaurant premises and then assign the lease to you or sublease the restaurant premises to you. || The rent owed under the sublease is the same rent that we or an affiliate pay under the lease with owner of the shopping center. || We do not guarantee your note, lease or obligation, but we or a related company may lease the restaurant premises and then assign the lease to you or sublease the restaurant premises to you."
S7389,Yeung's Lotus Express,2024,2025,4,3,-1,other decrease,franchisor_lease_payment_guarantee,franchisor_lease_payment_guarantee | lease_guarantee,franchisor | affiliate,franchisor | affiliate,"We or a related company may lease the restaurant premises and then assign the lease to you or sublease the restaurant premises to you. || The rent owed under the sublease is the same rent that we or an affiliate pay under the lease with owner of the shopping center. || We do not guarantee your note, lease or obligation, but we or a related company may lease the restaurant premises and then assign the lease to you or sublease the restaurant premises to you.","Except for subleasing the restaurant premises as described below, we do not offer financing directly or indirectly for the initial investment. || We or a related company may lease the restaurant premises and then assign the lease to you or sublease the restaurant premises to you. || We do not guarantee your note, lease or obligation, but we or a related company my lease the restaurant premises and then assign the lease to you or sublease the restaurant premises to you."
S3834,Yoga Six,2024,2025,1,0,-1,support → 0,formal_third_party_financing_program | lender_referral_compensation,no_financing_involvement,third_party,none,"We offer indirect financing through the third-party providers described below for certain amounts due under the Franchise Agreement. || Amerifund pays us a $500 rebate per deal they finance. || We do not guarantee your note, lease or any other obligation. || We do not offer direct financing and as such it is not our practice or intent to sell, assign, or discount any financing arrangement.","We do not offer direct or indirect financing. || We do not guarantee your note, lease, or obligations. || we are unaware of the terms of any financing you may, if at all, obtain from these or other lenders."
U_5af810e5,Your CBD Store,2022,2023,0,4,4,0 → support,no_financing_involvement,direct_loan,none,franchisor,"We do not offer direct financing to you. || We do not guarantee any of your notes, leases, or obligations.","Franchisor is the sole source of the financing, and receives no third-party funding to underwrite this loan. || Franchisor will finance a maximum of $30,000 for the purchase of Opening Inventory payable in equal monthly installments over a 36-month period at an interest rate (rate of interest, plus finance charges, expressed on an annual basis) of 12.5%, using the standard form note in Exhibit K (“Note”). || It is not Franchisor’s or its affiliates' practice or intent to sell, assign, or discount to a third-party all or part of the Note."
S1988,Zerorez,2022,2023,2,1,-1,other decrease,additional_territory_financing,preferred_lender_referral | lender_referral_compensation,franchisor,third_party,"We offer financing only for Additional Territory Fees pursuant to a promissory note that you must sign with us at the time of entering into the Franchise Agreement or upon agreeing to purchase additional territory. || We do intend to sell, assign or discount to a third-party all or part of the promissory note. || Other than as set forth above, we do not offer any financing.","We have an arrangement with our preferred lender and receive compensation for assisting you in obtaining financing in the amount of 1% of the financed amount. || Other than as set forth above, we do not offer any direct or indirect financing or have any arrangements where we receive compensation for assisting you in obtaining financing. || We do not guarantee your note, lease or obligation."
S1988,Zerorez,2025,2026,1,0,-1,support → 0,preferred_lender_referral | lender_referral_compensation,no_financing_involvement,third_party,none,"We have an arrangement with our preferred lender and receive compensation for assisting you in obtaining financing in the amount of 1% of the financed amount. || We do not guarantee your note, lease or obligation.","We do not offer direct or indirect financing. || We do not guarantee your note, lease or obligation."
S1989,Ziebart,2024,2025,2,0,-2,support → 0,seller_inventory_or_equipment_credit,no_financing_involvement,franchisor,none,"We may offer to finance all or a portion of the amounts you will pay us for re-sellable equipment and unopened inventory, which may include a portion of the Start-Up Package described in Item 5. || Presently, it is not our practice or intent to sell, assign, or discount to a third party all or part of the financing arrangement, nor do we receive any consideration for placing financing with third party lenders. || We do not guarantee any note, lease or other obligation of yours.","We do not offer financing, or guarantee any note, lease, or other obligation of yours. || We and our affiliates have no past practice or future intent of selling, assigning or discounting franchisees’ financing arrangements to a third party, although we reserve the right to do so in the future."
S1994,Zoom Room,2023,2024,1,0,-1,support → 0,passive_sba_directory_access,no_financing_involvement,third_party,none,"We do not offer direct or indirect financing. We do not guarantee your note, lease or obligation. We are listed on the Franchise Registry of the Small Business Administration.","We do not offer direct or indirect financing. || We do not guarantee your note, lease or obligation."
